#
# A fatal error has been detected by the Java Runtime Environment:
#
#  SIGSEGV (0xb) at pc=0x00007ff80477219d, pid=76669, tid=121635
#
# JRE version: OpenJDK Runtime Environment (17.0.19+11) (build 17.0.19+11-LTS)
# Java VM: OpenJDK 64-Bit Server VM (17.0.19+11-LTS, mixed mode, sharing, tiered, compressed oops, compressed class ptrs, g1 gc, bsd-amd64)
# Problematic frame:
# C  [libobjc.A.dylib+0x619d]  objc_msgSend+0x1d
#
# No core dump will be written. Core dumps have been disabled. To enable core dumping, try "ulimit -c unlimited" before starting Java again
#
# If you would like to submit a bug report, please visit:
#   https://bell-sw.com/support
# The crash happened outside the Java Virtual Machine in native code.
# See problematic frame for where to report the bug.
#

---------------  S U M M A R Y ------------

Command Line: -Dfile.encoding=UTF-8 --module-path=/Users/config/apache-maven-3.6.3/m2/org/openjfx/javafx-base/21.0.2/javafx-base-21.0.2-mac.jar:/Users/config/apache-maven-3.6.3/m2/org/openjfx/javafx-base/21.0.2/javafx-base-21.0.2.jar:/Users/config/apache-maven-3.6.3/m2/org/openjfx/javafx-controls/21.0.2/javafx-controls-21.0.2-mac.jar:/Users/config/apache-maven-3.6.3/m2/org/openjfx/javafx-controls/21.0.2/javafx-controls-21.0.2.jar:/Users/config/apache-maven-3.6.3/m2/org/openjfx/javafx-fxml/21.0.2/javafx-fxml-21.0.2-mac.jar:/Users/config/apache-maven-3.6.3/m2/org/openjfx/javafx-fxml/21.0.2/javafx-fxml-21.0.2.jar:/Users/config/apache-maven-3.6.3/m2/org/openjfx/javafx-graphics/21.0.2/javafx-graphics-21.0.2-mac.jar:/Users/config/apache-maven-3.6.3/m2/org/openjfx/javafx-graphics/21.0.2/javafx-graphics-21.0.2.jar --add-modules=javafx.base,javafx.controls,javafx.fxml,javafx.graphics io.getbit.app.WxAutoApp

Host: "MacBookPro16,2" x86_64 2000 MHz, 8 cores, 16G, Darwin 25.3.0, macOS 26.3 (25D125)
Time: Wed Jul 22 15:03:35 2026 CST elapsed time: 6.431727 seconds (0d 0h 0m 6s)

---------------  T H R E A D  ---------------

Current thread (0x00007fb416008200):  JavaThread "wx-worker" daemon [_thread_in_native, id=121635, stack(0x0000700006a41000,0x0000700006b41000)]

Stack: [0x0000700006a41000,0x0000700006b41000],  sp=0x0000700006b3dae8,  free space=1010k
Native frames: (J=compiled Java code, j=interpreted, Vv=VM code, C=native code)
C  [libobjc.A.dylib+0x619d]  objc_msgSend+0x1d
C  [HIServices+0x1a4ef]  _AXUIElementCopyAttributeValue+0xb5
C  [HIServices+0x1a9b4]  AXUIElementCopyAttributeValue+0x5f
C  [jna2127091626046570394.tmp+0xf17a]  ffi_prep_go_closure+0x55a

Java frames: (J=compiled Java code, j=interpreted, Vv=VM code)
j  com.sun.jna.Native.invokeInt(Lcom/sun/jna/Function;JI[Ljava/lang/Object;)I+0
j  com.sun.jna.Function.invoke([Ljava/lang/Object;Ljava/lang/Class;ZI)Ljava/lang/Object;+211
j  com.sun.jna.Function.invoke(Ljava/lang/reflect/Method;[Ljava/lang/Class;Ljava/lang/Class;[Ljava/lang/Object;Ljava/util/Map;)Ljava/lang/Object;+271
j  com.sun.jna.Library$Handler.invoke(Ljava/lang/Object;Ljava/lang/reflect/Method;[Ljava/lang/Object;)Ljava/lang/Object;+390
j  jdk.proxy2.$Proxy6.AXUIElementCopyAttributeValue(Lcom/sun/jna/Pointer;Lcom/sun/jna/Pointer;Lcom/sun/jna/ptr/PointerByReference;)I+24 jdk.proxy2
j  io.getbit.uiautomation.mac.ax.AXUIElement.getStringAttribute(Ljava/lang/String;)Ljava/lang/String;+25
j  io.getbit.uiautomation.mac.ax.AXUIElement.getRole()Ljava/lang/String;+3
v  ~StubRoutines::call_stub
J 1210  jdk.internal.reflect.NativeMethodAccessorImpl.invoke0(Ljava/lang/reflect/Method;Ljava/lang/Object;[Ljava/lang/Object;)Ljava/lang/Object; java.base@17.0.19 (0 bytes) @ 0x0000000116e009bf [0x0000000116e00940+0x000000000000007f]
j  jdk.internal.reflect.NativeMethodAccessorImpl.invoke(Ljava/lang/Object;[Ljava/lang/Object;)Ljava/lang/Object;+133 java.base@17.0.19
J 1186 c1 jdk.internal.reflect.DelegatingMethodAccessorImpl.invoke(Ljava/lang/Object;[Ljava/lang/Object;)Ljava/lang/Object; java.base@17.0.19 (10 bytes) @ 0x000000010f4d044c [0x000000010f4d0340+0x000000000000010c]
J 1185 c1 java.lang.reflect.Method.invoke(Ljava/lang/Object;[Ljava/lang/Object;)Ljava/lang/Object; java.base@17.0.19 (65 bytes) @ 0x000000010f4cfeac [0x000000010f4cfb80+0x000000000000032c]
j  io.getbit.WeChat.findMacWindowChild(Ljava/lang/Object;)Ljava/lang/Object;+94
j  io.getbit.WeChat.initMacWindow()V+287
j  io.getbit.WeChat.init(Z)V+66
j  io.getbit.WeChat.<init>(Ljava/lang/String;Z)V+60
j  io.getbit.WeChat.<init>()V+4
j  io.getbit.app.MainController.lambda$onConnect$5()V+21
j  io.getbit.app.MainController$$Lambda$700+0x000000012a2dd000.run()V+4
j  java.util.concurrent.Executors$RunnableAdapter.call()Ljava/lang/Object;+4 java.base@17.0.19
j  java.util.concurrent.FutureTask.run()V+39 java.base@17.0.19
j  java.util.concurrent.ThreadPoolExecutor.runWorker(Ljava/util/concurrent/ThreadPoolExecutor$Worker;)V+92 java.base@17.0.19
j  java.util.concurrent.ThreadPoolExecutor$Worker.run()V+5 java.base@17.0.19
j  java.lang.Thread.run()V+11 java.base@17.0.19
v  ~StubRoutines::call_stub

siginfo: si_signo: 11 (SIGSEGV), si_code: 1 (SEGV_MAPERR), si_addr: 0x000043f451e987f8

Registers:
RAX=0x0000000000000001, RBX=0x0000700006b3db8f, RCX=0x000043f451e987e0, RDX=0x00007ff84571ccd8
RSP=0x0000700006b3dae8, RBP=0x0000700006b3db30, RSI=0x00007ff82473d374, RDI=0x00006000037a87e0
R8 =0x0000700006b3db78, R9 =0x0000000000000000, R10=0x000043f451e987e0, R11=0x00007ff82473d374
R12=0x00000000ffffffff, R13=0x0000700006b3db70, R14=0x00006000037a87e0, R15=0x0000000000000000
RIP=0x00007ff80477219d, EFLAGS=0x0000000000010202, ERR=0x0000000000000004
  TRAPNO=0x000000000000000e


Register to memory mapping:

RAX=0x0000000000000001 is an unknown value
RBX=0x0000700006b3db8f is pointing into the stack for thread: 0x00007fb416008200
RCX=0x000043f451e987e0 is an unknown value
RDX=0x00007ff84571ccd8: OBJC_CLASS_$___NSCFType+0 in /System/Library/Frameworks/CoreFoundation.framework/Versions/A/CoreFoundation at 0x00007ff804c00000
RSP=0x0000700006b3dae8 is pointing into the stack for thread: 0x00007fb416008200
RBP=0x0000700006b3db30 is pointing into the stack for thread: 0x00007fb416008200
RSI=0x00007ff82473d374 points into unknown readable memory: 5f 63 66 54
RDI=0x00006000037a87e0 points into unknown readable memory: 0x011dfff84571cf31 | 31 cf 71 45 f8 ff 1d 01
R8 =0x0000700006b3db78 is pointing into the stack for thread: 0x00007fb416008200
R9 =0x0 is NULL
R10=0x000043f451e987e0 is an unknown value
R11=0x00007ff82473d374 points into unknown readable memory: 5f 63 66 54
R12=0x00000000ffffffff is an unknown value
R13=0x0000700006b3db70 is pointing into the stack for thread: 0x00007fb416008200
R14=0x00006000037a87e0 points into unknown readable memory: 0x011dfff84571cf31 | 31 cf 71 45 f8 ff 1d 01
R15=0x0 is NULL


Top of Stack: (sp=0x0000700006b3dae8)
0x0000700006b3dae8:   00007ff80beff05f 0000000116e33020
0x0000700006b3daf8:   0000700006b3db78 0000700006b3db88
0x0000700006b3db08:   0000700006b3f3f8 5ad138866321fe35
0x0000700006b3db18:   00006000037a87e0 0000700006b3db8f
0x0000700006b3db28:   0000000000000006 0000700006b3f3d0
0x0000700006b3db38:   00007ff80bf0f4ef 000000006b042930
0x0000700006b3db48:   000000006b042ea8 000000016b041a40
0x0000700006b3db58:   000070006b0430a0 000070006b042f50
0x0000700006b3db68:   000000016b02d740 0000000000000000
0x0000700006b3db78:   000000016b02d698 0000000000000000
0x0000700006b3db88:   0000000116e32e90 0000000100000000
0x0000700006b3db98:   0000600000000000 000000016a356910
0x0000700006b3dba8:   000000016a3557d8 000000016a3557a0
0x0000700006b3dbb8:   00007fb46b0428f8 00007fb46b033ec0
0x0000700006b3dbc8:   00007fb424f35ca8 000000016b02d6d0
0x0000700006b3dbd8:   000000016a056f40 000000016b02d698
0x0000700006b3dbe8:   0000700006b3db70 000000006b0426c0
0x0000700006b3dbf8:   000000016b00a658 000000016a1337b0
0x0000700006b3dc08:   00007fb46a044a70 000070006affce20
0x0000700006b3dc18:   000000016a21d488 000070006a058920
0x0000700006b3dc28:   0000000116869a59 0000700006b3dc70
0x0000700006b3dc38:   000000016affce58 00007fb46a056f40
0x0000700006b3dc48:   000070006b023fa0 0000700006b3dc90
0x0000700006b3dc58:   0000000105c30230 000000070eb26580
0x0000700006b3dc68:   00007fb416008200 00007fb4160084b0
0x0000700006b3dc78:   0000000000000042 000000006ad6fef0
0x0000700006b3dc88:   0000700006b3fe48 0000700006b3dce0
0x0000700006b3dc98:   000000016b048c20 00007fb416008200
0x0000700006b3dca8:   000000006b00a620 000070006affc500
0x0000700006b3dcb8:   000000006b048d70 00007fb4160084b0
0x0000700006b3dcc8:   000070006affbfd8 000000006ad6feb8
0x0000700006b3dcd8:   000000010461977e 00007fb4160084b0 

Instructions: (pc=0x00007ff80477219d)
0x00007ff80477209d:   1a 41 48 89 df 48 83 c4 08 5b 5d ff e0 00 00 00
0x00007ff8047720ad:   00 00 00 00 00 00 00 00 00 00 00 00 00 00 00 00
0x00007ff8047720bd:   00 00 00 31 c0 31 d2 0f 57 c0 0f 57 c9 c3 90 d9
0x00007ff8047720cd:   ee 31 c0 31 d2 0f 57 c0 0f 57 c9 c3 0f 1f 00 d9
0x00007ff8047720dd:   ee d9 ee 31 c0 31 d2 0f 57 c0 0f 57 c9 c3 90 48
0x00007ff8047720ed:   89 f8 c3 49 89 fa 49 89 f3 45 23 5a 18 49 c1 e3
0x00007ff8047720fd:   04 4d 03 5a 10 49 3b 33 75 0e 49 8b 43 08 48 83
0x00007ff80477210d:   f8 00 74 03 4c 31 d0 c3 49 83 3b 01 76 17 49 83
0x00007ff80477211d:   c3 10 49 3b 33 75 f1 49 8b 43 08 48 83 f8 00 74
0x00007ff80477212d:   03 4c 31 d0 c3 72 25 4d 8b 5b 08 eb 0a 49 83 3b
0x00007ff80477213d:   01 76 17 49 83 c3 10 49 3b 33 75 f1 49 8b 43 08
0x00007ff80477214d:   48 83 f8 00 74 03 4c 31 d0 c3 eb 00 31 c0 c3 66
0x00007ff80477215d:   66 66 66 66 66 2e 0f 1f 84 00 00 00 00 00 66 66
0x00007ff80477216d:   66 66 66 66 2e 0f 1f 84 00 00 00 00 00 66 0f 1f
0x00007ff80477217d:   44 00 00 48 85 ff 2e 74 72 40 f6 c7 01 2e 75 76
0x00007ff80477218d:   49 ba f8 ff ff ff ff 7f 00 00 4c 23 17 49 89 f3
0x00007ff80477219d:   45 23 5a 18 49 c1 e3 04 4d 03 5a 10 49 3b 33 75
0x00007ff8047721ad:   0a 4d 8b 5b 08 4d 31 d3 41 ff e3 49 83 3b 01 76
0x00007ff8047721bd:   13 49 83 c3 10 49 3b 33 75 f1 4d 8b 5b 08 4d 31
0x00007ff8047721cd:   d3 41 ff e3 72 70 4d 8b 5b 08 eb 0a 49 83 3b 01
0x00007ff8047721dd:   76 13 49 83 c3 10 49 3b 33 75 f1 4d 8b 5b 08 4d
0x00007ff8047721ed:   31 d3 41 ff e3 eb 4f 0f 1f 40 00 31 c0 31 d2 0f
0x00007ff8047721fd:   57 c0 0f 57 c9 c3 41 89 fb 41 83 e3 0f 4c 8d 15
0x00007ff80477220d:   3f 27 f9 40 4f 8b 14 da 4c 8d 1d 1c 25 f9 40 4d
0x00007ff80477221d:   39 d3 0f 85 75 ff ff ff 41 89 fb 41 c1 eb 04 41
0x00007ff80477222d:   81 e3 ff 00 00 00 4c 8d 15 96 27 f9 40 4f 8b 14
0x00007ff80477223d:   da e9 57 ff ff ff e9 88 0a 00 00 66 66 66 66 66
0x00007ff80477224d:   66 2e 0f 1f 84 00 00 00 00 00 66 66 66 66 66 66
0x00007ff80477225d:   2e 0f 1f 84 00 00 00 00 00 66 66 66 66 66 66 2e
0x00007ff80477226d:   0f 1f 84 00 00 00 00 00 66 66 2e 0f 1f 84 00 00
0x00007ff80477227d:   00 00 00 48 85 ff 2e 74 6a 40 f6 c7 01 2e 75 6b
0x00007ff80477228d:   49 ba f8 ff ff ff ff 7f 00 00 4c 23 17 49 89 f3 


Stack slot to memory mapping:
stack at sp + 0 slots: 0x00007ff80beff05f: _AXUIElementValidate+0x39 in /System/Library/Frameworks/ApplicationServices.framework/Versions/A/Frameworks/HIServices.framework/Versions/A/HIServices at 0x00007ff80bef5000
stack at sp + 1 slots: 0x0000000116e33020 is at entry_point+0 in (nmethod*)0x0000000116e32e90
Compiled method (c2) 6441 1680       4       java.lang.AbstractStringBuilder::putStringAt (12 bytes)
 total in heap  [0x0000000116e32e90,0x0000000116e334d8] = 1608
 relocation     [0x0000000116e32ff0,0x0000000116e33020] = 48
 main code      [0x0000000116e33020,0x0000000116e33300] = 736
 stub code      [0x0000000116e33300,0x0000000116e33328] = 40
 metadata       [0x0000000116e33328,0x0000000116e33348] = 32
 scopes data    [0x0000000116e33348,0x0000000116e333f0] = 168
 scopes pcs     [0x0000000116e333f0,0x0000000116e33490] = 160
 dependencies   [0x0000000116e33490,0x0000000116e33498] = 8
 handler table  [0x0000000116e33498,0x0000000116e334b0] = 24
 nul chk table  [0x0000000116e334b0,0x0000000116e334d8] = 40
0x0000000116e33020:   44 8b 56 08 49 bb 00 00 00 29 01 00 00 00 4d 03
0x0000000116e33030:   d3 49 3b c2 
stack at sp + 2 slots: 0x0000700006b3db78 is pointing into the stack for thread: 0x00007fb416008200
stack at sp + 3 slots: 0x0000700006b3db88 is pointing into the stack for thread: 0x00007fb416008200
stack at sp + 4 slots: 0x0000700006b3f3f8 is pointing into the stack for thread: 0x00007fb416008200
stack at sp + 5 slots: 0x5ad138866321fe35 is an unknown value
stack at sp + 6 slots: 0x00006000037a87e0 points into unknown readable memory: 0x000043f451e987e0 | e0 87 e9 51 f4 43 00 00
stack at sp + 7 slots: 0x0000700006b3db8f is pointing into the stack for thread: 0x00007fb416008200


Compiled method (n/a) 6445 1210     n 0       jdk.internal.reflect.NativeMethodAccessorImpl::invoke0 (native)
 total in heap  [0x0000000116e00790,0x0000000116e00bd8] = 1096
 relocation     [0x0000000116e008f0,0x0000000116e00928] = 56
 main code      [0x0000000116e00940,0x0000000116e00bd8] = 664

[Constant Pool (empty)]

[MachCode]
[Entry Point]
  # {method} {0x00000001291c6488} 'invoke0' '(Ljava/lang/reflect/Method;Ljava/lang/Object;[Ljava/lang/Object;)Ljava/lang/Object;' in 'jdk/internal/reflect/NativeMethodAccessorImpl'
  # parm0:    rsi:rsi   = 'java/lang/reflect/Method'
  # parm1:    rdx:rdx   = 'java/lang/Object'
  # parm2:    rcx:rcx   = '[Ljava/lang/Object;'
  #           [sp+0x50]  (sp of caller)
  0x0000000116e00940: 448b 5608 | 49bb 0000 | 0029 0100 | 0000 4d03 | d349 3bc2 | 0f84 0600 

  0x0000000116e00958: ;   {runtime_call ic_miss_stub}
  0x0000000116e00958: 0000 e921 | 44a6 ff90 
[Verified Entry Point]
  0x0000000116e00960: 8984 2400 | c0fe ff55 | 488b ec48 | 83ec 4048 | 894c 2410 | 4883 f900 | 4c8d 4424 | 104c 0f44 
  0x0000000116e00980: 4424 1048 | 8954 2408 | 4883 fa00 | 488d 4c24 | 0848 0f44 | 4c24 0848 | 8934 2448 | 83fe 0048 
  0x0000000116e009a0: 8d14 2448 | 0f44 1424 

  0x0000000116e009a8: ;   {oop(a 'java/lang/Class'{0x00000007ffd16e48} = 'jdk/internal/reflect/NativeMethodAccessorImpl')}
  0x0000000116e009a8: 49be 486e | d1ff 0700 | 0000 4c89 | 7424 304c | 8d74 2430 | 498b f6c5 

  0x0000000116e009c0: ;   {internal_word}
  0x0000000116e009c0: f877 49ba | bf09 e016 | 0100 0000 | 4d89 9798 | 0200 0049 | 89a7 9002 

  0x0000000116e009d8: ;   {external_word}
  0x0000000116e009d8: 0000 803d | f918 5bef | 000f 843a | 0000 0056 | 5251 4150 

  0x0000000116e009ec: ;   {metadata({method} {0x00000001291c6488} 'invoke0' '(Ljava/lang/reflect/Method;Ljava/lang/Object;[Ljava/lang/Object;)Ljava/lang/Object;' in 'jdk/internal/reflect/NativeMethodAccessorImpl')}
  0x0000000116e009ec: 48be 8864 | 1c29 0100 | 0000 498b | fff7 c40f | 0000 000f | 8412 0000 | 0048 83ec 

  0x0000000116e00a08: ;   {runtime_call SharedRuntime::dtrace_method_entry(JavaThread*, Method*)}
  0x0000000116e00a08: 08e8 724f | 1aef 4883 | c408 e905 

  0x0000000116e00a14: ;   {runtime_call SharedRuntime::dtrace_method_entry(JavaThread*, Method*)}
  0x0000000116e00a14: 0000 00e8 | 644f 1aef | 4158 595a | 5e49 8dbf | b002 0000 | 41c7 8738 | 0300 0004 

  0x0000000116e00a30: ;   {runtime_call Java_jdk_internal_reflect_NativeMethodAccessorImpl_invoke0}
  0x0000000116e00a30: 0000 00e8 | 6815 81ed | c5f8 7741 | c787 3803 | 0000 0500 | 0000 f083 | 4424 c000 | 493b af40 
  0x0000000116e00a50: 0300 000f | 8711 0000 | 0041 81bf | 2803 0000 | 0000 0000 | 0f84 2400 | 0000 c5f8 | 7748 8945 
  0x0000000116e00a70: f849 8bff | 4c8b e448 | 83ec 0048 

  0x0000000116e00a7c: ;   {runtime_call JavaThread::check_special_condition_for_native_trans(JavaThread*)}
  0x0000000116e00a7c: 83e4 f0e8 | 5cea 2fef | 498b e44d | 33e4 488b | 45f8 41c7 | 8738 0300 | 0008 0000 | 0041 81bf 
  0x0000000116e00a9c: a803 0000 | 0200 0000 | 0f84 0801 

  0x0000000116e00aa8: ;   {external_word}
  0x0000000116e00aa8: 0000 803d | 2918 5bef | 000f 8438 | 0000 0048 

  0x0000000116e00ab8: ;   {metadata({method} {0x00000001291c6488} 'invoke0' '(Ljava/lang/reflect/Method;Ljava/lang/Object;[Ljava/lang/Object;)Ljava/lang/Object;' in 'jdk/internal/reflect/NativeMethodAccessorImpl')}
  0x0000000116e00ab8: 8945 f848 | be88 641c | 2901 0000 | 0049 8bff | f7c4 0f00 | 0000 0f84 | 1200 0000 | 4883 ec08 
  0x0000000116e00ad8: ;   {runtime_call SharedRuntime::dtrace_method_exit(JavaThread*, Method*)}
  0x0000000116e00ad8: e853 4f1a | ef48 83c4 | 08e9 0500 

  0x0000000116e00ae4: ;   {runtime_call SharedRuntime::dtrace_method_exit(JavaThread*, Method*)}
  0x0000000116e00ae4: 0000 e845 | 4f1a ef48 | 8b45 f849 | c787 9002 | 0000 0000 | 0000 49c7 | 8798 0200 | 0000 0000 
  0x0000000116e00b04: 00c5 f877 | 4885 c00f | 847b 0000 | 0048 f7c0 | 0100 0000 | 0f84 6b00 | 0000 488b | 40ff 4180 
  0x0000000116e00b24: 7f38 000f | 8457 0000 | 0048 83f8 | 000f 844d | 0000 0049 | 8b4f 2048 | 83f9 000f | 8414 0000 
  0x0000000116e00b44: 0048 83e9 | 0849 894f | 2049 034f | 3048 8901 | e92b 0000 | 0050 498b | f748 8bf8 | f7c4 0f00 
  0x0000000116e00b64: 0000 0f84 | 1200 0000 | 4883 ec08 

  0x0000000116e00b70: ;   {runtime_call G1BarrierSetRuntime::write_ref_field_pre_entry(oopDesc*, JavaThread*)}
  0x0000000116e00b70: e8bb b7c8 | ee48 83c4 | 08e9 0500 

  0x0000000116e00b7c: ;   {runtime_call G1BarrierSetRuntime::write_ref_field_pre_entry(oopDesc*, JavaThread*)}
  0x0000000116e00b7c: 0000 e8ad | b7c8 ee58 | e903 0000 | 0048 8b00 | 498b 8fd8 | 0000 00c7 | 8100 0100 | 0000 0000 
  0x0000000116e00b9c: 00c9 4981 | 7f08 0000 | 0000 0f85 | 0100 0000 

  0x0000000116e00bac: ;   {runtime_call StubRoutines (1)}
  0x0000000116e00bac: c3e9 4e40 | a1ff c5f8 | 7748 8945 | f84c 8be4 | 4883 ec00 | 4883 e4f0 

  0x0000000116e00bc4: ;   {runtime_call SharedRuntime::reguard_yellow_pages()}
  0x0000000116e00bc4: e897 701a | ef49 8be4 | 4d33 e448 | 8b45 f8e9 | d2fe ffff 
[/MachCode]


Compiled method (c1) 6457 1186       3       jdk.internal.reflect.DelegatingMethodAccessorImpl::invoke (10 bytes)
 total in heap  [0x000000010f4d0190,0x000000010f4d05b0] = 1056
 relocation     [0x000000010f4d02f0,0x000000010f4d0330] = 64
 main code      [0x000000010f4d0340,0x000000010f4d04e0] = 416
 stub code      [0x000000010f4d04e0,0x000000010f4d0520] = 64
 metadata       [0x000000010f4d0520,0x000000010f4d0528] = 8
 scopes data    [0x000000010f4d0528,0x000000010f4d0548] = 32
 scopes pcs     [0x000000010f4d0548,0x000000010f4d0598] = 80
 dependencies   [0x000000010f4d0598,0x000000010f4d05a0] = 8
 nul chk table  [0x000000010f4d05a0,0x000000010f4d05b0] = 16

[Constant Pool (empty)]

[MachCode]
[Entry Point]
  # {method} {0x00000001291c5e38} 'invoke' '(Ljava/lang/Object;[Ljava/lang/Object;)Ljava/lang/Object;' in 'jdk/internal/reflect/DelegatingMethodAccessorImpl'
  # this:     rsi:rsi   = 'jdk/internal/reflect/DelegatingMethodAccessorImpl'
  # parm0:    rdx:rdx   = 'java/lang/Object'
  # parm1:    rcx:rcx   = '[Ljava/lang/Object;'
  #           [sp+0x40]  (sp of caller)
  0x000000010f4d0340: 448b 5608 | 49bb 0000 | 0029 0100 | 0000 4d03 | d34c 3bd0 

  0x000000010f4d0354: ;   {runtime_call ic_miss_stub}
  0x000000010f4d0354: 0f85 264a | 3907 660f | 1f44 0000 
[Verified Entry Point]
  0x000000010f4d0360: 8984 2400 | c0fe ff55 | 4883 ec30 

  0x000000010f4d036c: ;   {metadata(method data for {method} {0x00000001291c5e38} 'invoke' '(Ljava/lang/Object;[Ljava/lang/Object;)Ljava/lang/Object;' in 'jdk/internal/reflect/DelegatingMethodAccessorImpl')}
  0x000000010f4d036c: 48bf c06e | 2c6a 0100 | 0000 8b9f | ac00 0000 | 83c3 0289 | 9fac 0000 | 0081 e3fe | 0700 0083 
  0x000000010f4d038c: fb00 0f84 | cb00 0000 | 8b76 0c48 | c1e6 0348 | 3b06 488b 

  0x000000010f4d03a0: ;   {metadata(method data for {method} {0x00000001291c5e38} 'invoke' '(Ljava/lang/Object;[Ljava/lang/Object;)Ljava/lang/Object;' in 'jdk/internal/reflect/DelegatingMethodAccessorImpl')}
  0x000000010f4d03a0: fe48 bbc0 | 6e2c 6a01 | 0000 008b | 7f08 49ba | 0000 0029 | 0100 0000 | 4903 fa48 | 3bbb 0001 
  0x000000010f4d03c0: 0000 750d | 4883 8308 | 0100 0001 | e966 0000 | 0048 3bbb | 1001 0000 | 750d 4883 | 8318 0100 
  0x000000010f4d03e0: 0001 e950 | 0000 0048 | 81bb 0001 | 0000 0000 | 0000 7517 | 4889 bb00 | 0100 0048 | c783 0801 
  0x000000010f4d0400: 0000 0100 | 0000 e92c | 0000 0048 | 81bb 1001 | 0000 0000 | 0000 7517 | 4889 bb10 | 0100 0048 
  0x000000010f4d0420: c783 1801 | 0000 0100 | 0000 e908 | 0000 0048 | 8383 f000 | 0000 0166 | 0f1f 4400 | 0048 b8ff 
  0x000000010f4d0440: ffff ffff 

  0x000000010f4d0444: ;   {virtual_call}
  0x000000010f4d0444: ffff ffe8 

  0x000000010f4d0448: ; ImmutableOopMap {}
                      ;*invokevirtual invoke {reexecute=0 rethrow=0 return_oop=0}
                      ; - jdk.internal.reflect.DelegatingMethodAccessorImpl::invoke@6 (line 43)
  0x000000010f4d0448: 0c6e 4407 | 4883 c430 

  0x000000010f4d0450: ;   {poll_return}
  0x000000010f4d0450: 5d49 3ba7 | 4003 0000 | 0f87 2700 

  0x000000010f4d045c: ;   {metadata({method} {0x00000001291c5e38} 'invoke' '(Ljava/lang/Object;[Ljava/lang/Object;)Ljava/lang/Object;' in 'jdk/internal/reflect/DelegatingMethodAccessorImpl')}
  0x000000010f4d045c: 0000 c349 | ba38 5e1c | 2901 0000 | 004c 8954 | 2408 48c7 | 0424 ffff 

  0x000000010f4d0474: ;   {runtime_call counter_overflow Runtime1 stub}
  0x000000010f4d0474: ffff e805 

  0x000000010f4d0478: ; ImmutableOopMap {rsi=Oop rdx=Oop rcx=Oop }
                      ;*synchronization entry
                      ; - jdk.internal.reflect.DelegatingMethodAccessorImpl::invoke@-1 (line 43)
  0x000000010f4d0478: b243 07e9 | 14ff ffff 

  0x000000010f4d0480: ;   {runtime_call throw_null_pointer_exception Runtime1 stub}
  0x000000010f4d0480: e81b 6143 

  0x000000010f4d0484: ; ImmutableOopMap {rdx=Oop rcx=Oop rsi=Oop }
                      ;*invokevirtual invoke {reexecute=0 rethrow=0 return_oop=0}
                      ; - jdk.internal.reflect.DelegatingMethodAccessorImpl::invoke@6 (line 43)
                      ;   {internal_word}
  0x000000010f4d0484: 0749 ba51 | 044d 0f01 | 0000 004d | 8997 5803 

  0x000000010f4d0494: ;   {runtime_call SafepointBlob}
  0x000000010f4d0494: 0000 e965 | b239 0790 | 9049 8b87 | d003 0000 | 49c7 87d0 | 0300 0000 | 0000 0049 | c787 d803 
  0x000000010f4d04b4: 0000 0000 | 0000 4883 

  0x000000010f4d04bc: ;   {runtime_call unwind_exception Runtime1 stub}
  0x000000010f4d04bc: c430 5de9 | 3c81 3a07 | f4f4 f4f4 | f4f4 f4f4 | f4f4 f4f4 | f4f4 f4f4 | f4f4 f4f4 | f4f4 f4f4 
  0x000000010f4d04dc: f4f4 f4f4 
[Stub Code]
  0x000000010f4d04e0: ;   {no_reloc}
  0x000000010f4d04e0: 0f1f 4400 

  0x000000010f4d04e4: ;   {static_stub}
  0x000000010f4d04e4: 0048 bb00 | 0000 0000 

  0x000000010f4d04ec: ;   {runtime_call}
  0x000000010f4d04ec: 0000 00e9 | fbff ffff 
[Exception Handler]
  0x000000010f4d04f4: ;   {runtime_call handle_exception_from_callee Runtime1 stub}
  0x000000010f4d04f4: e887 7e43 

  0x000000010f4d04f8: ;   {external_word}
  0x000000010f4d04f8: 0748 bfe3 | 011f 0601 | 0000 0048 

  0x000000010f4d0504: ;   {runtime_call MacroAssembler::debug64(char*, long long, long long*)}
  0x000000010f4d0504: 83e4 f0e8 | 848e 93f6 

  0x000000010f4d050c: ;   {section_word}
  0x000000010f4d050c: f449 ba0d | 054d 0f01 | 0000 0041 

  0x000000010f4d0518: ;   {runtime_call DeoptimizationBlob}
  0x000000010f4d0518: 52e9 82a4 | 3907 f4f4 
[/MachCode]


Compiled method (c1) 6465 1185       3       java.lang.reflect.Method::invoke (65 bytes)
 total in heap  [0x000000010f4cf990,0x000000010f4d0118] = 1928
 relocation     [0x000000010f4cfaf0,0x000000010f4cfb70] = 128
 main code      [0x000000010f4cfb80,0x000000010f4cff60] = 992
 stub code      [0x000000010f4cff60,0x000000010f4cffd0] = 112
 metadata       [0x000000010f4cffd0,0x000000010f4cffe0] = 16
 scopes data    [0x000000010f4cffe0,0x000000010f4d0058] = 120
 scopes pcs     [0x000000010f4d0058,0x000000010f4d00f8] = 160
 dependencies   [0x000000010f4d00f8,0x000000010f4d0100] = 8
 nul chk table  [0x000000010f4d0100,0x000000010f4d0118] = 24

[Constant Pool (empty)]

[MachCode]
[Entry Point]
  # {method} {0x00000001293d4570} 'invoke' '(Ljava/lang/Object;[Ljava/lang/Object;)Ljava/lang/Object;' in 'java/lang/reflect/Method'
  # this:     rsi:rsi   = 'java/lang/reflect/Method'
  # parm0:    rdx:rdx   = 'java/lang/Object'
  # parm1:    rcx:rcx   = '[Ljava/lang/Object;'
  #           [sp+0x80]  (sp of caller)
  0x000000010f4cfb80: 448b 5608 | 49bb 0000 | 0029 0100 | 0000 4d03 | d34c 3bd0 

  0x000000010f4cfb94: ;   {runtime_call ic_miss_stub}
  0x000000010f4cfb94: 0f85 e651 | 3907 660f | 1f44 0000 
[Verified Entry Point]
  0x000000010f4cfba0: 8984 2400 | c0fe ff55 | 4883 ec70 | 4889 7424 | 4848 8954 

  0x000000010f4cfbb4: ;   {metadata(method data for {method} {0x00000001293d4570} 'invoke' '(Ljava/lang/Object;[Ljava/lang/Object;)Ljava/lang/Object;' in 'java/lang/reflect/Method')}
  0x000000010f4cfbb4: 2450 48bf | b867 2c6a | 0100 0000 | 8b9f ac00 | 0000 83c3 | 0289 9fac | 0000 0081 | e3fe 0700 
  0x000000010f4cfbd4: 0083 fb00 | 0f84 e102 | 0000 0fbe | 7e0c 83ff 

  0x000000010f4cfbe4: ;   {metadata(method data for {method} {0x00000001293d4570} 'invoke' '(Ljava/lang/Object;[Ljava/lang/Object;)Ljava/lang/Object;' in 'java/lang/reflect/Method')}
  0x000000010f4cfbe4: 0048 bfb8 | 672c 6a01 | 0000 0048 | c7c3 f000 | 0000 0f85 | 0700 0000 | 48c7 c300 | 0100 0048 
  0x000000010f4cfc04: 8b04 1f48 | 8d40 0148 | 8904 1f48 | 894c 2458 | 0f85 7701 

  0x000000010f4cfc18: ;   {metadata(method data for {method} {0x00000001293d4570} 'invoke' '(Ljava/lang/Object;[Ljava/lang/Object;)Ljava/lang/Object;' in 'java/lang/reflect/Method')}
  0x000000010f4cfc18: 0000 48bf | b867 2c6a | 0100 0000 | 4883 8710 | 0100 0001 

  0x000000010f4cfc2c: ;   {static_call}
  0x000000010f4cfc2c: 6666 90e8 

  0x000000010f4cfc30: ; ImmutableOopMap {[88]=Oop [80]=Oop [72]=Oop }
                      ;*invokestatic getCallerClass {reexecute=0 rethrow=0 return_oop=0}
                      ; - java.lang.reflect.Method::invoke@7 (line 560)
  0x000000010f4cfc30: ac98 8f07 | 488b 7424 | 488b 4e24 | 48c1 e103 | 448b 4e20 

  0x000000010f4cfc44: ;   {metadata(method data for {method} {0x00000001293d4570} 'invoke' '(Ljava/lang/Object;[Ljava/lang/Object;)Ljava/lang/Object;' in 'java/lang/reflect/Method')}
  0x000000010f4cfc44: 48ba b867 | 2c6a 0100 | 0000 4883 | 8220 0100 

  0x000000010f4cfc54: ;   {metadata(method data for {method} {0x00000001293ccd70} 'isStatic' '(I)Z' in 'java/lang/reflect/Modifier')}
  0x000000010f4cfc54: 0001 48ba | 38c7 076a | 0100 0000 | 448b 82ac | 0000 0041 | 83c0 0244 | 8982 ac00 | 0000 4181 
  0x000000010f4cfc74: e0fe ff1f | 0041 83f8 | 000f 845d | 0200 0049 | 8bd1 83e2 | 0883 fa00 

  0x000000010f4cfc8c: ;   {metadata(method data for {method} {0x00000001293ccd70} 'isStatic' '(I)Z' in 'java/lang/reflect/Modifier')}
  0x000000010f4cfc8c: 48ba 38c7 | 076a 0100 | 0000 49c7 | c0f0 0000 | 000f 8407 | 0000 0049 | c7c0 0001 | 0000 4a8b 
  0x000000010f4cfcac: 3c02 488d | 7f01 4a89 | 3c02 0f84 | 1a00 0000 

  0x000000010f4cfcbc: ;   {metadata(method data for {method} {0x00000001293ccd70} 'isStatic' '(I)Z' in 'java/lang/reflect/Modifier')}
  0x000000010f4cfcbc: 48ba 38c7 | 076a 0100 | 0000 ff82 | 1001 0000 | ba01 0000 | 00e9 0500 | 0000 ba00 | 0000 0083 
  0x000000010f4cfcdc: e201 83fa 

  0x000000010f4cfce0: ;   {metadata(method data for {method} {0x00000001293d4570} 'invoke' '(Ljava/lang/Object;[Ljava/lang/Object;)Ljava/lang/Object;' in 'java/lang/reflect/Method')}
  0x000000010f4cfce0: 0048 bab8 | 672c 6a01 | 0000 0049 | c7c0 3001 | 0000 0f84 | 0700 0000 | 49c7 c040 | 0100 004a 
  0x000000010f4cfd00: 8b3c 0248 | 8d7f 014a | 893c 020f | 841f 0000 

  0x000000010f4cfd10: ;   {metadata(method data for {method} {0x00000001293d4570} 'invoke' '(Ljava/lang/Object;[Ljava/lang/Object;)Ljava/lang/Object;' in 'java/lang/reflect/Method')}
  0x000000010f4cfd10: 0048 bab8 | 672c 6a01 | 0000 00ff | 8250 0100 

  0x000000010f4cfd20: ;   {oop(NULL)}
  0x000000010f4cfd20: 0049 b800 | 0000 0000 | 0000 00e9 | 3500 0000 | 488b 5424 | 5048 3b02 

  0x000000010f4cfd38: ;   {metadata(method data for {method} {0x00000001293d4570} 'invoke' '(Ljava/lang/Object;[Ljava/lang/Object;)Ljava/lang/Object;' in 'java/lang/reflect/Method')}
  0x000000010f4cfd38: 4c8b c248 | bfb8 672c | 6a01 0000 | 0048 8387 | 6801 0000 | 0144 8b42 | 0849 ba00 | 0000 2901 
  0x000000010f4cfd58: 0000 004d | 03c2 4d8b | 4070 4d8b | 0048 8bfe 

  0x000000010f4cfd68: ;   {metadata(method data for {method} {0x00000001293d4570} 'invoke' '(Ljava/lang/Object;[Ljava/lang/Object;)Ljava/lang/Object;' in 'java/lang/reflect/Method')}
  0x000000010f4cfd68: 48bb b867 | 2c6a 0100 | 0000 4883 | 83a0 0100 | 0001 488b | d048 8bde | 488b f30f 

  0x000000010f4cfd84: ;   {optimized virtual_call}
  0x000000010f4cfd84: 1f40 00e8 

  0x000000010f4cfd88: ; ImmutableOopMap {[88]=Oop [80]=Oop [72]=Oop }
                      ;*invokevirtual checkAccess {reexecute=0 rethrow=0 return_oop=0}
                      ; - java.lang.reflect.Method::invoke@39 (line 561)
  0x000000010f4cfd88: 74d1 1e00 | 488b 7424 | 488b 7e4c | 48c1 e703 | 4883 ff00 

  0x000000010f4cfd9c: ;   {metadata(method data for {method} {0x00000001293d4570} 'invoke' '(Ljava/lang/Object;[Ljava/lang/Object;)Ljava/lang/Object;' in 'java/lang/reflect/Method')}
  0x000000010f4cfd9c: 48bb b867 | 2c6a 0100 | 0000 48c7 | c0d8 0100 | 000f 8507 | 0000 0048 | c7c0 e801 | 0000 488b 
  0x000000010f4cfdbc: 1403 488d | 5201 4889 | 1403 0f85 | 2300 0000 

  0x000000010f4cfdcc: ;   {metadata(method data for {method} {0x00000001293d4570} 'invoke' '(Ljava/lang/Object;[Ljava/lang/Object;)Ljava/lang/Object;' in 'java/lang/reflect/Method')}
  0x000000010f4cfdcc: 488b fe48 | bbb8 672c | 6a01 0000 | 0048 8383 | f801 0000 | 0166 0f1f 

  0x000000010f4cfde4: ;   {optimized virtual_call}
  0x000000010f4cfde4: 4400 00e8 

  0x000000010f4cfde8: ; ImmutableOopMap {[88]=Oop [80]=Oop }
                      ;*invokevirtual acquireMethodAccessor {reexecute=0 rethrow=0 return_oop=0}
                      ; - java.lang.reflect.Method::invoke@52 (line 567)
  0x000000010f4cfde8: 9901 0000 | 488b f848 | 8b4c 2458 | 488b 5424 | 5048 3b07 

  0x000000010f4cfdfc: ;   {metadata(method data for {method} {0x00000001293d4570} 'invoke' '(Ljava/lang/Object;[Ljava/lang/Object;)Ljava/lang/Object;' in 'java/lang/reflect/Method')}
  0x000000010f4cfdfc: 488b f748 | bbb8 672c | 6a01 0000 | 008b 7608 | 49ba 0000 | 0029 0100 | 0000 4903 | f248 3bb3 
  0x000000010f4cfe1c: 4002 0000 | 750d 4883 | 8348 0200 | 0001 e966 | 0000 0048 | 3bb3 5002 | 0000 750d | 4883 8358 
  0x000000010f4cfe3c: 0200 0001 | e950 0000 | 0048 81bb | 4002 0000 | 0000 0000 | 7517 4889 | b340 0200 | 0048 c783 
  0x000000010f4cfe5c: 4802 0000 | 0100 0000 | e92c 0000 | 0048 81bb | 5002 0000 | 0000 0000 | 7517 4889 | b350 0200 
  0x000000010f4cfe7c: 0048 c783 | 5802 0000 | 0100 0000 | e908 0000 | 0048 8383 | 3002 0000 | 0148 8bf7 | 0f1f 4400 
  0x000000010f4cfe9c: 0048 b800 | 5c1c 2901 

  0x000000010f4cfea4: ;   {virtual_call}
  0x000000010f4cfea4: 0000 00e8 

  0x000000010f4cfea8: ; ImmutableOopMap {}
                      ;*invokeinterface invoke {reexecute=0 rethrow=0 return_oop=0}
                      ; - java.lang.reflect.Method::invoke@59 (line 569)
  0x000000010f4cfea8: 9404 0000 | 4883 c470 

  0x000000010f4cfeb0: ;   {poll_return}
  0x000000010f4cfeb0: 5d49 3ba7 | 4003 0000 | 0f87 4d00 

  0x000000010f4cfebc: ;   {metadata({method} {0x00000001293d4570} 'invoke' '(Ljava/lang/Object;[Ljava/lang/Object;)Ljava/lang/Object;' in 'java/lang/reflect/Method')}
  0x000000010f4cfebc: 0000 c349 | ba70 453d | 2901 0000 | 004c 8954 | 2408 48c7 | 0424 ffff 

  0x000000010f4cfed4: ;   {runtime_call counter_overflow Runtime1 stub}
  0x000000010f4cfed4: ffff e8a5 

  0x000000010f4cfed8: ; ImmutableOopMap {rsi=Oop [72]=Oop rdx=Oop [80]=Oop rcx=Oop }
                      ;*synchronization entry
                      ; - java.lang.reflect.Method::invoke@-1 (line 559)
  0x000000010f4cfed8: b743 07e9 | fefc ffff 

  0x000000010f4cfee0: ;   {metadata({method} {0x00000001293ccd70} 'isStatic' '(I)Z' in 'java/lang/reflect/Modifier')}
  0x000000010f4cfee0: 49ba 70cd | 3c29 0100 | 0000 4c89 | 5424 0848 | c704 24ff 

  0x000000010f4cfef4: ;   {runtime_call counter_overflow Runtime1 stub}
  0x000000010f4cfef4: ffff ffe8 

  0x000000010f4cfef8: ; ImmutableOopMap {[88]=Oop [80]=Oop rax=Oop rsi=Oop [72]=Oop rcx=Oop }
                      ;*synchronization entry
                      ; - java.lang.reflect.Modifier::isStatic@-1 (line 98)
                      ; - java.lang.reflect.Method::invoke@21 (line 562)
  0x000000010f4cfef8: 84b7 4307 | e982 fdff 

  0x000000010f4cff00: ;   {runtime_call throw_null_pointer_exception Runtime1 stub}
  0x000000010f4cff00: ffe8 9a66 

  0x000000010f4cff04: ; ImmutableOopMap {[88]=Oop rax=Oop rsi=Oop [72]=Oop rcx=Oop rdx=Oop [80]=Oop }
                      ;*invokevirtual getClass {reexecute=0 rethrow=0 return_oop=0}
                      ; - java.lang.reflect.Method::invoke@32 (line 562)
                      ;   {runtime_call throw_null_pointer_exception Runtime1 stub}
  0x000000010f4cff04: 4307 e895 

  0x000000010f4cff08: ; ImmutableOopMap {rdi=Oop rcx=Oop rdx=Oop [80]=Oop }
                      ;*invokeinterface invoke {reexecute=0 rethrow=0 return_oop=0}
                      ; - java.lang.reflect.Method::invoke@59 (line 569)
                      ;   {internal_word}
  0x000000010f4cff08: 6643 0749 | bab1 fe4c | 0f01 0000 | 004d 8997 | 5803 0000 

  0x000000010f4cff1c: ;   {runtime_call SafepointBlob}
  0x000000010f4cff1c: e9df b739 | 0790 9049 | 8b87 d003 | 0000 49c7 | 87d0 0300 | 0000 0000 | 0049 c787 | d803 0000 
  0x000000010f4cff3c: 0000 0000 | 4883 c470 

  0x000000010f4cff44: ;   {runtime_call unwind_exception Runtime1 stub}
  0x000000010f4cff44: 5de9 b686 | 3a07 f4f4 | f4f4 f4f4 | f4f4 f4f4 | f4f4 f4f4 | f4f4 f4f4 | f4f4 f4f4 
[Stub Code]
  0x000000010f4cff60: ;   {no_reloc}
  0x000000010f4cff60: 0f1f 4400 

  0x000000010f4cff64: ;   {static_stub}
  0x000000010f4cff64: 0048 bb00 | 0000 0000 

  0x000000010f4cff6c: ;   {runtime_call}
  0x000000010f4cff6c: 0000 00e9 | fbff ffff 

  0x000000010f4cff74: ;   {static_stub}
  0x000000010f4cff74: 9048 bb20 | 8705 2901 

  0x000000010f4cff7c: ;   {runtime_call I2C/C2I adapters}
  0x000000010f4cff7c: 0000 00e9 | 6592 3707 

  0x000000010f4cff84: ;   {static_stub}
  0x000000010f4cff84: 9048 bba8 | 413d 2901 

  0x000000010f4cff8c: ;   {runtime_call I2C/C2I adapters}
  0x000000010f4cff8c: 0000 00e9 | c59a 3907 

  0x000000010f4cff94: ;   {static_stub}
  0x000000010f4cff94: 9048 bb00 | 0000 0000 

  0x000000010f4cff9c: ;   {runtime_call}
  0x000000010f4cff9c: 0000 00e9 | fbff ffff 
[Exception Handler]
  0x000000010f4cffa4: ;   {runtime_call handle_exception_from_callee Runtime1 stub}
  0x000000010f4cffa4: e8d7 8343 

  0x000000010f4cffa8: ;   {external_word}
  0x000000010f4cffa8: 0748 bfe3 | 011f 0601 | 0000 0048 

  0x000000010f4cffb4: ;   {runtime_call MacroAssembler::debug64(char*, long long, long long*)}
  0x000000010f4cffb4: 83e4 f0e8 | d493 93f6 

  0x000000010f4cffbc: ;   {section_word}
  0x000000010f4cffbc: f449 babd | ff4c 0f01 | 0000 0041 

  0x000000010f4cffc8: ;   {runtime_call DeoptimizationBlob}
  0x000000010f4cffc8: 52e9 d2a9 | 3907 f4f4 
[/MachCode]


---------------  P R O C E S S  ---------------

Threads class SMR info:
_java_thread_list=0x000060000384dea0, length=21, elements={
0x00007fb429017a00, 0x00007fb425096000, 0x00007fb425098800, 0x00007fb428008200,
0x00007fb428029200, 0x00007fb428029800, 0x00007fb428029e00, 0x00007fb42802a400,
0x00007fb42700b400, 0x00007fb429019c00, 0x00007fb42681d800, 0x00007fb42681de00,
0x00007fb426052800, 0x00007fb426978200, 0x00007fb426982800, 0x00007fb42817fc00,
0x00007fb4280e7c00, 0x00007fb429500a00, 0x00007fb416008200, 0x00007fb41601f400,
0x00007fb41601ae00
}

Java Threads: ( => current thread )
  0x00007fb429017a00 JavaThread "main" [_thread_blocked, id=10243, stack(0x0000700004549000,0x0000700004649000)]
  0x00007fb425096000 JavaThread "Reference Handler" daemon [_thread_blocked, id=30467, stack(0x0000700004c5e000,0x0000700004d5e000)]
  0x00007fb425098800 JavaThread "Finalizer" daemon [_thread_blocked, id=22531, stack(0x0000700004d61000,0x0000700004e61000)]
  0x00007fb428008200 JavaThread "Signal Dispatcher" daemon [_thread_blocked, id=28163, stack(0x0000700004f6a000,0x000070000506a000)]
  0x00007fb428029200 JavaThread "Service Thread" daemon [_thread_blocked, id=24323, stack(0x000070000506d000,0x000070000516d000)]
  0x00007fb428029800 JavaThread "Monitor Deflation Thread" daemon [_thread_blocked, id=27651, stack(0x0000700005170000,0x0000700005270000)]
  0x00007fb428029e00 JavaThread "C2 CompilerThread0" daemon [_thread_in_native, id=24835, stack(0x0000700005273000,0x0000700005373000)]
  0x00007fb42802a400 JavaThread "C1 CompilerThread0" daemon [_thread_blocked, id=27395, stack(0x0000700005376000,0x0000700005476000)]
  0x00007fb42700b400 JavaThread "Sweeper thread" daemon [_thread_blocked, id=26883, stack(0x0000700005479000,0x0000700005579000)]
  0x00007fb429019c00 JavaThread "Common-Cleaner" daemon [_thread_blocked, id=26627, stack(0x000070000557c000,0x000070000567c000)]
  0x00007fb42681d800 JavaThread "Notification Thread" daemon [_thread_blocked, id=25859, stack(0x000070000567f000,0x000070000577f000)]
  0x00007fb42681de00 JavaThread "QuantumRenderer-0" daemon [_thread_blocked, id=33027, stack(0x0000700005885000,0x0000700005985000)]
  0x00007fb426052800 JavaThread "InvokeLaterDispatcher" daemon [_thread_blocked, id=38151, stack(0x0000700005988000,0x0000700005a88000)]
  0x00007fb426978200 JavaThread "JavaFX Application Thread" [_thread_in_native, id=259, stack(0x00007ff7bb1d0000,0x00007ff7bb9d0000)]
  0x00007fb426982800 JavaThread "JavaFX-Launcher" [_thread_blocked, id=65815, stack(0x0000700005c97000,0x0000700005d97000)]
  0x00007fb42817fc00 JavaThread "Prism Font Disposer" daemon [_thread_blocked, id=79115, stack(0x00007000062a9000,0x00007000063a9000)]
  0x00007fb4280e7c00 JavaThread "Cleaner-0" daemon [_thread_blocked, id=93207, stack(0x00007000068bb000,0x00007000069bb000)]
  0x00007fb429500a00 JavaThread "PulseTimer-CVDisplayLink thread" daemon [_thread_in_native, id=121363, stack(0x00007000069be000,0x0000700006a3e000)]
=>0x00007fb416008200 JavaThread "wx-worker" daemon [_thread_in_native, id=121635, stack(0x0000700006a41000,0x0000700006b41000)]
  0x00007fb41601f400 JavaThread "JNA Cleaner" daemon [_thread_blocked, id=94851, stack(0x0000700006b44000,0x0000700006c44000)]
  0x00007fb41601ae00 JavaThread "process reaper" daemon [_thread_blocked, id=101699, stack(0x0000700006c47000,0x0000700006c6b000)]

Other Threads:
  0x00007fb425b05410 VMThread "VM Thread" [stack: 0x0000700004b5b000,0x0000700004c5b000] [id=19715]
  0x00007fb425b09740 WatcherThread [stack: 0x0000700005782000,0x0000700005882000] [id=26371]
  0x00007fb425b046a0 GCTaskThread "GC Thread#0" [stack: 0x000070000464c000,0x000070000474c000] [id=14083]
  0x00007fb424f34c20 GCTaskThread "GC Thread#1" [stack: 0x0000700005d9a000,0x0000700005e9a000] [id=83491]
  0x00007fb424f350a0 GCTaskThread "GC Thread#2" [stack: 0x0000700005e9d000,0x0000700005f9d000] [id=70163]
  0x00007fb42591d1b0 GCTaskThread "GC Thread#3" [stack: 0x0000700005fa0000,0x00007000060a0000] [id=70927]
  0x00007fb425b19cd0 GCTaskThread "GC Thread#4" [stack: 0x00007000060a3000,0x00007000061a3000] [id=71427]
  0x00007fb425826640 GCTaskThread "GC Thread#5" [stack: 0x00007000061a6000,0x00007000062a6000] [id=82179]
  0x00007fb425838670 GCTaskThread "GC Thread#6" [stack: 0x00007000063ac000,0x00007000064ac000] [id=73987]
  0x00007fb425839d30 GCTaskThread "GC Thread#7" [stack: 0x00007000064af000,0x00007000065af000] [id=74243]
  0x00007fb425a06560 ConcurrentGCThread "G1 Main Marker" [stack: 0x000070000474f000,0x000070000484f000] [id=13571]
  0x00007fb429f04080 ConcurrentGCThread "G1 Conc#0" [stack: 0x0000700004852000,0x0000700004952000] [id=12803]
  0x00007fb4258049f0 ConcurrentGCThread "G1 Refine#0" [stack: 0x0000700004955000,0x0000700004a55000] [id=16643]
  0x00007fb424f51330 ConcurrentGCThread "G1 Refine#1" [stack: 0x00007000065b2000,0x00007000066b2000] [id=78083]
  0x00007fb425c08840 ConcurrentGCThread "G1 Refine#2" [stack: 0x00007000066b5000,0x00007000067b5000] [id=75267]
  0x00007fb429f0b1a0 ConcurrentGCThread "G1 Refine#3" [stack: 0x00007000067b8000,0x00007000068b8000] [id=75779]
  0x00007fb4258050c0 ConcurrentGCThread "G1 Service" [stack: 0x0000700004a58000,0x0000700004b58000] [id=17155]

Threads with active compile tasks:
C2 CompilerThread0  6484 3064 %     4       com.sun.marlin.MaskMarlinAlphaConsumer::setAndClearRelativeAlphas @ 188 (263 bytes)

VM state: not at safepoint (normal execution)

VM Mutex/Monitor currently owned by a thread: None

Heap address: 0x0000000700000000, size: 4096 MB, Compressed Oops mode: Zero based, Oop shift amount: 3

CDS archive(s) mapped at: [0x0000000129000000-0x0000000129bc4000-0x0000000129bc4000), size 12337152, SharedBaseAddress: 0x0000000129000000, ArchiveRelocationMode: 1.
Compressed class space mapped at: 0x000000012a000000-0x000000016a000000, reserved size: 1073741824
Narrow klass base: 0x0000000129000000, Narrow klass shift: 0, Narrow klass range: 0x100000000

GC Precious Log:
 CPUs: 8 total, 8 available
 Memory: 16384M
 Large Page Support: Disabled
 NUMA Support: Disabled
 Compressed Oops: Enabled (Zero based)
 Heap Region Size: 2M
 Heap Min Capacity: 8M
 Heap Initial Capacity: 256M
 Heap Max Capacity: 4G
 Pre-touch: Disabled
 Parallel Workers: 8
 Concurrent Workers: 2
 Concurrent Refinement Workers: 8
 Periodic GC: Disabled

Heap:
 garbage-first heap   total 266240K, used 36109K [0x0000000700000000, 0x0000000800000000)
  region size 2048K, 12 young (24576K), 6 survivors (12288K)
 Metaspace       used 19164K, committed 19392K, reserved 1114112K
  class space    used 2798K, committed 2944K, reserved 1048576K

Heap Regions: E=young(eden), S=young(survivor), O=old, HS=humongous(starts), HC=humongous(continues), CS=collection set, F=free, OA=open archive, CA=closed archive, TAMS=top-at-mark-start (previous, next)
|   0|0x0000000700000000, 0x00000007001aa400, 0x0000000700200000| 83%| O|  |TAMS 0x0000000700000000, 0x00000007001aa400| Untracked 
|   1|0x0000000700200000, 0x0000000700400000, 0x0000000700400000|100%|HS|  |TAMS 0x0000000700200000, 0x0000000700200000| Complete 
|   2|0x0000000700400000, 0x0000000700600000, 0x0000000700600000|100%|HS|  |TAMS 0x0000000700400000, 0x0000000700400000| Complete 
|   3|0x0000000700600000, 0x0000000700800000, 0x0000000700800000|100%|HC|  |TAMS 0x0000000700600000, 0x0000000700600000| Complete 
|   4|0x0000000700800000, 0x0000000700a00000, 0x0000000700a00000|100%|HS|  |TAMS 0x0000000700800000, 0x0000000700800000| Complete 
|   5|0x0000000700a00000, 0x0000000700c00000, 0x0000000700c00000|100%|HC|  |TAMS 0x0000000700a00000, 0x0000000700a00000| Complete 
|   6|0x0000000700c00000, 0x0000000700c00000, 0x0000000700e00000|  0%| F|  |TAMS 0x0000000700c00000, 0x0000000700c00000| Untracked 
|   7|0x0000000700e00000, 0x0000000700e00000, 0x0000000701000000|  0%| F|  |TAMS 0x0000000700e00000, 0x0000000700e00000| Untracked 
|   8|0x0000000701000000, 0x0000000701000000, 0x0000000701200000|  0%| F|  |TAMS 0x0000000701000000, 0x0000000701000000| Untracked 
|   9|0x0000000701200000, 0x0000000701200000, 0x0000000701400000|  0%| F|  |TAMS 0x0000000701200000, 0x0000000701200000| Untracked 
|  10|0x0000000701400000, 0x0000000701400000, 0x0000000701600000|  0%| F|  |TAMS 0x0000000701400000, 0x0000000701400000| Untracked 
|  11|0x0000000701600000, 0x0000000701600000, 0x0000000701800000|  0%| F|  |TAMS 0x0000000701600000, 0x0000000701600000| Untracked 
|  12|0x0000000701800000, 0x0000000701800000, 0x0000000701a00000|  0%| F|  |TAMS 0x0000000701800000, 0x0000000701800000| Untracked 
|  13|0x0000000701a00000, 0x0000000701a00000, 0x0000000701c00000|  0%| F|  |TAMS 0x0000000701a00000, 0x0000000701a00000| Untracked 
|  14|0x0000000701c00000, 0x0000000701c00000, 0x0000000701e00000|  0%| F|  |TAMS 0x0000000701c00000, 0x0000000701c00000| Untracked 
|  15|0x0000000701e00000, 0x0000000701e00000, 0x0000000702000000|  0%| F|  |TAMS 0x0000000701e00000, 0x0000000701e00000| Untracked 
|  16|0x0000000702000000, 0x0000000702000000, 0x0000000702200000|  0%| F|  |TAMS 0x0000000702000000, 0x0000000702000000| Untracked 
|  17|0x0000000702200000, 0x0000000702200000, 0x0000000702400000|  0%| F|  |TAMS 0x0000000702200000, 0x0000000702200000| Untracked 
|  18|0x0000000702400000, 0x0000000702400000, 0x0000000702600000|  0%| F|  |TAMS 0x0000000702400000, 0x0000000702400000| Untracked 
|  19|0x0000000702600000, 0x0000000702600000, 0x0000000702800000|  0%| F|  |TAMS 0x0000000702600000, 0x0000000702600000| Untracked 
|  20|0x0000000702800000, 0x0000000702800000, 0x0000000702a00000|  0%| F|  |TAMS 0x0000000702800000, 0x0000000702800000| Untracked 
|  21|0x0000000702a00000, 0x0000000702a00000, 0x0000000702c00000|  0%| F|  |TAMS 0x0000000702a00000, 0x0000000702a00000| Untracked 
|  22|0x0000000702c00000, 0x0000000702c00000, 0x0000000702e00000|  0%| F|  |TAMS 0x0000000702c00000, 0x0000000702c00000| Untracked 
|  23|0x0000000702e00000, 0x0000000702e00000, 0x0000000703000000|  0%| F|  |TAMS 0x0000000702e00000, 0x0000000702e00000| Untracked 
|  24|0x0000000703000000, 0x0000000703000000, 0x0000000703200000|  0%| F|  |TAMS 0x0000000703000000, 0x0000000703000000| Untracked 
|  25|0x0000000703200000, 0x0000000703200000, 0x0000000703400000|  0%| F|  |TAMS 0x0000000703200000, 0x0000000703200000| Untracked 
|  26|0x0000000703400000, 0x0000000703400000, 0x0000000703600000|  0%| F|  |TAMS 0x0000000703400000, 0x0000000703400000| Untracked 
|  27|0x0000000703600000, 0x0000000703600000, 0x0000000703800000|  0%| F|  |TAMS 0x0000000703600000, 0x0000000703600000| Untracked 
|  28|0x0000000703800000, 0x0000000703800000, 0x0000000703a00000|  0%| F|  |TAMS 0x0000000703800000, 0x0000000703800000| Untracked 
|  29|0x0000000703a00000, 0x0000000703a00000, 0x0000000703c00000|  0%| F|  |TAMS 0x0000000703a00000, 0x0000000703a00000| Untracked 
|  30|0x0000000703c00000, 0x0000000703c00000, 0x0000000703e00000|  0%| F|  |TAMS 0x0000000703c00000, 0x0000000703c00000| Untracked 
|  31|0x0000000703e00000, 0x0000000703e00000, 0x0000000704000000|  0%| F|  |TAMS 0x0000000703e00000, 0x0000000703e00000| Untracked 
|  32|0x0000000704000000, 0x0000000704000000, 0x0000000704200000|  0%| F|  |TAMS 0x0000000704000000, 0x0000000704000000| Untracked 
|  33|0x0000000704200000, 0x0000000704200000, 0x0000000704400000|  0%| F|  |TAMS 0x0000000704200000, 0x0000000704200000| Untracked 
|  34|0x0000000704400000, 0x0000000704400000, 0x0000000704600000|  0%| F|  |TAMS 0x0000000704400000, 0x0000000704400000| Untracked 
|  35|0x0000000704600000, 0x0000000704600000, 0x0000000704800000|  0%| F|  |TAMS 0x0000000704600000, 0x0000000704600000| Untracked 
|  36|0x0000000704800000, 0x0000000704800000, 0x0000000704a00000|  0%| F|  |TAMS 0x0000000704800000, 0x0000000704800000| Untracked 
|  37|0x0000000704a00000, 0x0000000704a00000, 0x0000000704c00000|  0%| F|  |TAMS 0x0000000704a00000, 0x0000000704a00000| Untracked 
|  38|0x0000000704c00000, 0x0000000704c00000, 0x0000000704e00000|  0%| F|  |TAMS 0x0000000704c00000, 0x0000000704c00000| Untracked 
|  39|0x0000000704e00000, 0x0000000704e00000, 0x0000000705000000|  0%| F|  |TAMS 0x0000000704e00000, 0x0000000704e00000| Untracked 
|  40|0x0000000705000000, 0x0000000705000000, 0x0000000705200000|  0%| F|  |TAMS 0x0000000705000000, 0x0000000705000000| Untracked 
|  41|0x0000000705200000, 0x0000000705200000, 0x0000000705400000|  0%| F|  |TAMS 0x0000000705200000, 0x0000000705200000| Untracked 
|  42|0x0000000705400000, 0x0000000705400000, 0x0000000705600000|  0%| F|  |TAMS 0x0000000705400000, 0x0000000705400000| Untracked 
|  43|0x0000000705600000, 0x0000000705600000, 0x0000000705800000|  0%| F|  |TAMS 0x0000000705600000, 0x0000000705600000| Untracked 
|  44|0x0000000705800000, 0x0000000705800000, 0x0000000705a00000|  0%| F|  |TAMS 0x0000000705800000, 0x0000000705800000| Untracked 
|  45|0x0000000705a00000, 0x0000000705a00000, 0x0000000705c00000|  0%| F|  |TAMS 0x0000000705a00000, 0x0000000705a00000| Untracked 
|  46|0x0000000705c00000, 0x0000000705c00000, 0x0000000705e00000|  0%| F|  |TAMS 0x0000000705c00000, 0x0000000705c00000| Untracked 
|  47|0x0000000705e00000, 0x0000000705e00000, 0x0000000706000000|  0%| F|  |TAMS 0x0000000705e00000, 0x0000000705e00000| Untracked 
|  48|0x0000000706000000, 0x0000000706000000, 0x0000000706200000|  0%| F|  |TAMS 0x0000000706000000, 0x0000000706000000| Untracked 
|  49|0x0000000706200000, 0x0000000706200000, 0x0000000706400000|  0%| F|  |TAMS 0x0000000706200000, 0x0000000706200000| Untracked 
|  50|0x0000000706400000, 0x0000000706400000, 0x0000000706600000|  0%| F|  |TAMS 0x0000000706400000, 0x0000000706400000| Untracked 
|  51|0x0000000706600000, 0x0000000706600000, 0x0000000706800000|  0%| F|  |TAMS 0x0000000706600000, 0x0000000706600000| Untracked 
|  52|0x0000000706800000, 0x0000000706800000, 0x0000000706a00000|  0%| F|  |TAMS 0x0000000706800000, 0x0000000706800000| Untracked 
|  53|0x0000000706a00000, 0x0000000706a00000, 0x0000000706c00000|  0%| F|  |TAMS 0x0000000706a00000, 0x0000000706a00000| Untracked 
|  54|0x0000000706c00000, 0x0000000706c00000, 0x0000000706e00000|  0%| F|  |TAMS 0x0000000706c00000, 0x0000000706c00000| Untracked 
|  55|0x0000000706e00000, 0x0000000706e00000, 0x0000000707000000|  0%| F|  |TAMS 0x0000000706e00000, 0x0000000706e00000| Untracked 
|  56|0x0000000707000000, 0x0000000707000000, 0x0000000707200000|  0%| F|  |TAMS 0x0000000707000000, 0x0000000707000000| Untracked 
|  57|0x0000000707200000, 0x0000000707200000, 0x0000000707400000|  0%| F|  |TAMS 0x0000000707200000, 0x0000000707200000| Untracked 
|  58|0x0000000707400000, 0x0000000707400000, 0x0000000707600000|  0%| F|  |TAMS 0x0000000707400000, 0x0000000707400000| Untracked 
|  59|0x0000000707600000, 0x0000000707600000, 0x0000000707800000|  0%| F|  |TAMS 0x0000000707600000, 0x0000000707600000| Untracked 
|  60|0x0000000707800000, 0x0000000707800000, 0x0000000707a00000|  0%| F|  |TAMS 0x0000000707800000, 0x0000000707800000| Untracked 
|  61|0x0000000707a00000, 0x0000000707a00000, 0x0000000707c00000|  0%| F|  |TAMS 0x0000000707a00000, 0x0000000707a00000| Untracked 
|  62|0x0000000707c00000, 0x0000000707c00000, 0x0000000707e00000|  0%| F|  |TAMS 0x0000000707c00000, 0x0000000707c00000| Untracked 
|  63|0x0000000707e00000, 0x0000000707e00000, 0x0000000708000000|  0%| F|  |TAMS 0x0000000707e00000, 0x0000000707e00000| Untracked 
|  64|0x0000000708000000, 0x0000000708000000, 0x0000000708200000|  0%| F|  |TAMS 0x0000000708000000, 0x0000000708000000| Untracked 
|  65|0x0000000708200000, 0x0000000708200000, 0x0000000708400000|  0%| F|  |TAMS 0x0000000708200000, 0x0000000708200000| Untracked 
|  66|0x0000000708400000, 0x0000000708400000, 0x0000000708600000|  0%| F|  |TAMS 0x0000000708400000, 0x0000000708400000| Untracked 
|  67|0x0000000708600000, 0x0000000708600000, 0x0000000708800000|  0%| F|  |TAMS 0x0000000708600000, 0x0000000708600000| Untracked 
|  68|0x0000000708800000, 0x0000000708800000, 0x0000000708a00000|  0%| F|  |TAMS 0x0000000708800000, 0x0000000708800000| Untracked 
|  69|0x0000000708a00000, 0x0000000708a00000, 0x0000000708c00000|  0%| F|  |TAMS 0x0000000708a00000, 0x0000000708a00000| Untracked 
|  70|0x0000000708c00000, 0x0000000708c00000, 0x0000000708e00000|  0%| F|  |TAMS 0x0000000708c00000, 0x0000000708c00000| Untracked 
|  71|0x0000000708e00000, 0x0000000708e00000, 0x0000000709000000|  0%| F|  |TAMS 0x0000000708e00000, 0x0000000708e00000| Untracked 
|  72|0x0000000709000000, 0x0000000709000000, 0x0000000709200000|  0%| F|  |TAMS 0x0000000709000000, 0x0000000709000000| Untracked 
|  73|0x0000000709200000, 0x0000000709200000, 0x0000000709400000|  0%| F|  |TAMS 0x0000000709200000, 0x0000000709200000| Untracked 
|  74|0x0000000709400000, 0x0000000709400000, 0x0000000709600000|  0%| F|  |TAMS 0x0000000709400000, 0x0000000709400000| Untracked 
|  75|0x0000000709600000, 0x0000000709600000, 0x0000000709800000|  0%| F|  |TAMS 0x0000000709600000, 0x0000000709600000| Untracked 
|  76|0x0000000709800000, 0x0000000709800000, 0x0000000709a00000|  0%| F|  |TAMS 0x0000000709800000, 0x0000000709800000| Untracked 
|  77|0x0000000709a00000, 0x0000000709a00000, 0x0000000709c00000|  0%| F|  |TAMS 0x0000000709a00000, 0x0000000709a00000| Untracked 
|  78|0x0000000709c00000, 0x0000000709c00000, 0x0000000709e00000|  0%| F|  |TAMS 0x0000000709c00000, 0x0000000709c00000| Untracked 
|  79|0x0000000709e00000, 0x0000000709e00000, 0x000000070a000000|  0%| F|  |TAMS 0x0000000709e00000, 0x0000000709e00000| Untracked 
|  80|0x000000070a000000, 0x000000070a000000, 0x000000070a200000|  0%| F|  |TAMS 0x000000070a000000, 0x000000070a000000| Untracked 
|  81|0x000000070a200000, 0x000000070a200000, 0x000000070a400000|  0%| F|  |TAMS 0x000000070a200000, 0x000000070a200000| Untracked 
|  82|0x000000070a400000, 0x000000070a400000, 0x000000070a600000|  0%| F|  |TAMS 0x000000070a400000, 0x000000070a400000| Untracked 
|  83|0x000000070a600000, 0x000000070a600000, 0x000000070a800000|  0%| F|  |TAMS 0x000000070a600000, 0x000000070a600000| Untracked 
|  84|0x000000070a800000, 0x000000070a800000, 0x000000070aa00000|  0%| F|  |TAMS 0x000000070a800000, 0x000000070a800000| Untracked 
|  85|0x000000070aa00000, 0x000000070aa00000, 0x000000070ac00000|  0%| F|  |TAMS 0x000000070aa00000, 0x000000070aa00000| Untracked 
|  86|0x000000070ac00000, 0x000000070ac00000, 0x000000070ae00000|  0%| F|  |TAMS 0x000000070ac00000, 0x000000070ac00000| Untracked 
|  87|0x000000070ae00000, 0x000000070ae00000, 0x000000070b000000|  0%| F|  |TAMS 0x000000070ae00000, 0x000000070ae00000| Untracked 
|  88|0x000000070b000000, 0x000000070b000000, 0x000000070b200000|  0%| F|  |TAMS 0x000000070b000000, 0x000000070b000000| Untracked 
|  89|0x000000070b200000, 0x000000070b200000, 0x000000070b400000|  0%| F|  |TAMS 0x000000070b200000, 0x000000070b200000| Untracked 
|  90|0x000000070b400000, 0x000000070b400000, 0x000000070b600000|  0%| F|  |TAMS 0x000000070b400000, 0x000000070b400000| Untracked 
|  91|0x000000070b600000, 0x000000070b600000, 0x000000070b800000|  0%| F|  |TAMS 0x000000070b600000, 0x000000070b600000| Untracked 
|  92|0x000000070b800000, 0x000000070b800000, 0x000000070ba00000|  0%| F|  |TAMS 0x000000070b800000, 0x000000070b800000| Untracked 
|  93|0x000000070ba00000, 0x000000070ba00000, 0x000000070bc00000|  0%| F|  |TAMS 0x000000070ba00000, 0x000000070ba00000| Untracked 
|  94|0x000000070bc00000, 0x000000070bc00000, 0x000000070be00000|  0%| F|  |TAMS 0x000000070bc00000, 0x000000070bc00000| Untracked 
|  95|0x000000070be00000, 0x000000070be00000, 0x000000070c000000|  0%| F|  |TAMS 0x000000070be00000, 0x000000070be00000| Untracked 
|  96|0x000000070c000000, 0x000000070c000000, 0x000000070c200000|  0%| F|  |TAMS 0x000000070c000000, 0x000000070c000000| Untracked 
|  97|0x000000070c200000, 0x000000070c200000, 0x000000070c400000|  0%| F|  |TAMS 0x000000070c200000, 0x000000070c200000| Untracked 
|  98|0x000000070c400000, 0x000000070c400000, 0x000000070c600000|  0%| F|  |TAMS 0x000000070c400000, 0x000000070c400000| Untracked 
|  99|0x000000070c600000, 0x000000070c600000, 0x000000070c800000|  0%| F|  |TAMS 0x000000070c600000, 0x000000070c600000| Untracked 
| 100|0x000000070c800000, 0x000000070c800000, 0x000000070ca00000|  0%| F|  |TAMS 0x000000070c800000, 0x000000070c800000| Untracked 
| 101|0x000000070ca00000, 0x000000070ca00000, 0x000000070cc00000|  0%| F|  |TAMS 0x000000070ca00000, 0x000000070ca00000| Untracked 
| 102|0x000000070cc00000, 0x000000070cc00000, 0x000000070ce00000|  0%| F|  |TAMS 0x000000070cc00000, 0x000000070cc00000| Untracked 
| 103|0x000000070ce00000, 0x000000070ce00000, 0x000000070d000000|  0%| F|  |TAMS 0x000000070ce00000, 0x000000070ce00000| Untracked 
| 104|0x000000070d000000, 0x000000070d000000, 0x000000070d200000|  0%| F|  |TAMS 0x000000070d000000, 0x000000070d000000| Untracked 
| 105|0x000000070d200000, 0x000000070d200000, 0x000000070d400000|  0%| F|  |TAMS 0x000000070d200000, 0x000000070d200000| Untracked 
| 106|0x000000070d400000, 0x000000070d400000, 0x000000070d600000|  0%| F|  |TAMS 0x000000070d400000, 0x000000070d400000| Untracked 
| 107|0x000000070d600000, 0x000000070d600000, 0x000000070d800000|  0%| F|  |TAMS 0x000000070d600000, 0x000000070d600000| Untracked 
| 108|0x000000070d800000, 0x000000070d800000, 0x000000070da00000|  0%| F|  |TAMS 0x000000070d800000, 0x000000070d800000| Untracked 
| 109|0x000000070da00000, 0x000000070da00000, 0x000000070dc00000|  0%| F|  |TAMS 0x000000070da00000, 0x000000070da00000| Untracked 
| 110|0x000000070dc00000, 0x000000070dc00000, 0x000000070de00000|  0%| F|  |TAMS 0x000000070dc00000, 0x000000070dc00000| Untracked 
| 111|0x000000070de00000, 0x000000070de00000, 0x000000070e000000|  0%| F|  |TAMS 0x000000070de00000, 0x000000070de00000| Untracked 
| 112|0x000000070e000000, 0x000000070e1b13d0, 0x000000070e200000| 84%| S|CS|TAMS 0x000000070e000000, 0x000000070e000000| Complete 
| 113|0x000000070e200000, 0x000000070e400000, 0x000000070e400000|100%| S|CS|TAMS 0x000000070e200000, 0x000000070e200000| Complete 
| 114|0x000000070e400000, 0x000000070e600000, 0x000000070e600000|100%| S|CS|TAMS 0x000000070e400000, 0x000000070e400000| Complete 
| 115|0x000000070e600000, 0x000000070e800000, 0x000000070e800000|100%| S|CS|TAMS 0x000000070e600000, 0x000000070e600000| Complete 
| 116|0x000000070e800000, 0x000000070ea00000, 0x000000070ea00000|100%| S|CS|TAMS 0x000000070e800000, 0x000000070e800000| Complete 
| 117|0x000000070ea00000, 0x000000070ec00000, 0x000000070ec00000|100%| S|CS|TAMS 0x000000070ea00000, 0x000000070ea00000| Complete 
| 118|0x000000070ec00000, 0x000000070ec00000, 0x000000070ee00000|  0%| F|  |TAMS 0x000000070ec00000, 0x000000070ec00000| Untracked 
| 119|0x000000070ee00000, 0x000000070ee00000, 0x000000070f000000|  0%| F|  |TAMS 0x000000070ee00000, 0x000000070ee00000| Untracked 
| 120|0x000000070f000000, 0x000000070f000000, 0x000000070f200000|  0%| F|  |TAMS 0x000000070f000000, 0x000000070f000000| Untracked 
| 121|0x000000070f200000, 0x000000070f200000, 0x000000070f400000|  0%| F|  |TAMS 0x000000070f200000, 0x000000070f200000| Untracked 
| 122|0x000000070f400000, 0x000000070f54dd60, 0x000000070f600000| 65%| E|  |TAMS 0x000000070f400000, 0x000000070f400000| Complete 
| 123|0x000000070f600000, 0x000000070f800000, 0x000000070f800000|100%| E|CS|TAMS 0x000000070f600000, 0x000000070f600000| Complete 
| 124|0x000000070f800000, 0x000000070fa00000, 0x000000070fa00000|100%| E|CS|TAMS 0x000000070f800000, 0x000000070f800000| Complete 
| 125|0x000000070fa00000, 0x000000070fc00000, 0x000000070fc00000|100%| E|CS|TAMS 0x000000070fa00000, 0x000000070fa00000| Complete 
| 126|0x000000070fc00000, 0x000000070fe00000, 0x000000070fe00000|100%| E|CS|TAMS 0x000000070fc00000, 0x000000070fc00000| Complete 
| 127|0x000000070fe00000, 0x0000000710000000, 0x0000000710000000|100%| E|CS|TAMS 0x000000070fe00000, 0x000000070fe00000| Complete 
|2046|0x00000007ffc00000, 0x00000007ffd74000, 0x00000007ffe00000| 72%|OA|  |TAMS 0x00000007ffc00000, 0x00000007ffd74000| Untracked 
|2047|0x00000007ffe00000, 0x00000007ffe74000, 0x0000000800000000| 22%|CA|  |TAMS 0x00000007ffe00000, 0x00000007ffe74000| Untracked 

Card table byte_map: [0x000000010e2a4000,0x000000010eaa4000] _byte_map_base: 0x000000010aaa4000

Marking Bits (Prev, Next): (CMBitMap*) 0x00007fb426014e10, (CMBitMap*) 0x00007fb426014e50
 Prev Bits: [0x000000011eadd000, 0x0000000122add000)
 Next Bits: [0x0000000122add000, 0x0000000126add000)

Polling page: 0x00000001045ca000

Metaspace:

Usage:
  Non-class:     15.98 MB used.
      Class:      2.73 MB used.
       Both:     18.72 MB used.

Virtual space:
  Non-class space:       64.00 MB reserved,      16.06 MB ( 25%) committed,  1 nodes.
      Class space:        1.00 GB reserved,       2.88 MB ( <1%) committed,  1 nodes.
             Both:        1.06 GB reserved,      18.94 MB (  2%) committed. 

Chunk freelists:
   Non-Class:  15.62 MB
       Class:  13.04 MB
        Both:  28.67 MB

MaxMetaspaceSize: unlimited
CompressedClassSpaceSize: 1.00 GB
Initial GC threshold: 21.00 MB
Current GC threshold: 21.00 MB
CDS: on
MetaspaceReclaimPolicy: balanced
 - commit_granule_bytes: 65536.
 - commit_granule_words: 8192.
 - virtual_space_node_default_size: 8388608.
 - enlarge_chunks_in_place: 1.
 - new_chunks_are_fully_committed: 0.
 - uncommit_free_chunks: 1.
 - use_allocation_guard: 0.
 - handle_deallocations: 1.


Internal statistics:

num_allocs_failed_limit: 0.
num_arena_births: 236.
num_arena_deaths: 0.
num_vsnodes_births: 2.
num_vsnodes_deaths: 0.
num_space_committed: 303.
num_space_uncommitted: 0.
num_chunks_returned_to_freelist: 0.
num_chunks_taken_from_freelist: 844.
num_chunk_merges: 0.
num_chunk_splits: 604.
num_chunks_enlarged: 478.
num_inconsistent_stats: 0.

CodeHeap 'non-profiled nmethods': size=120028Kb used=1132Kb max_used=1132Kb free=118895Kb
 bounds [0x0000000116da6000, 0x0000000117016000, 0x000000011e2dd000]
CodeHeap 'profiled nmethods': size=120028Kb used=6050Kb max_used=6050Kb free=113977Kb
 bounds [0x000000010f2dd000, 0x000000010f8cd000, 0x0000000116814000]
CodeHeap 'non-nmethods': size=5704Kb used=1429Kb max_used=1458Kb free=4274Kb
 bounds [0x0000000116814000, 0x0000000116a84000, 0x0000000116da6000]
 total_blobs=3943 nmethods=3146 adapters=709
 compilation: enabled
              stopped_count=0, restarted_count=0
 full_count=0

Compilation events (20 events):
Event: 6.379 Thread 0x00007fb42802a400 nmethod 3113 0x000000010f8a5310 code [0x000000010f8a55a0, 0x000000010f8a62b0]
Event: 6.379 Thread 0x00007fb42802a400 3114       3       com.sun.javafx.sg.prism.NGGroup::markCullRegions (201 bytes)
Event: 6.380 Thread 0x00007fb42802a400 nmethod 3114 0x000000010f8a6710 code [0x000000010f8a6a00, 0x000000010f8a7e00]
Event: 6.380 Thread 0x00007fb42802a400 3115       3       com.sun.javafx.sg.prism.NGNode::computeNodeRenderRoot (112 bytes)
Event: 6.381 Thread 0x00007fb42802a400 nmethod 3115 0x000000010f8a8790 code [0x000000010f8a89e0, 0x000000010f8a92a0]
Event: 6.381 Thread 0x00007fb42802a400 3116       3       com.sun.javafx.sg.prism.NGRegion::computeRenderRoot (37 bytes)
Event: 6.381 Thread 0x00007fb42802a400 nmethod 3116 0x000000010f8a9590 code [0x000000010f8a9740, 0x000000010f8a9930]
Event: 6.381 Thread 0x00007fb42802a400 3117       3       com.sun.prism.impl.ps.BaseShaderContext::updatePaintShader (165 bytes)
Event: 6.382 Thread 0x00007fb42802a400 nmethod 3117 0x000000010f8a9a10 code [0x000000010f8a9c60, 0x000000010f8aa5a0]
Event: 6.382 Thread 0x00007fb42802a400 3119       3       com.sun.prism.impl.ps.BaseShaderContext::getStockShaderIndex (57 bytes)
Event: 6.382 Thread 0x00007fb42802a400 nmethod 3119 0x000000010f8aa810 code [0x000000010f8aa9c0, 0x000000010f8aad90]
Event: 6.382 Thread 0x00007fb42802a400 3118       1       com.sun.javafx.sg.prism.NGShape::getMode (5 bytes)
Event: 6.382 Thread 0x00007fb42802a400 nmethod 3118 0x0000000116eb6e90 code [0x0000000116eb7020, 0x0000000116eb70f0]
Event: 6.429 Thread 0x00007fb42802a400 3121       3       java.util.regex.Pattern$BranchConn::match (11 bytes)
Event: 6.429 Thread 0x00007fb42802a400 nmethod 3121 0x000000010f8aaf10 code [0x000000010f8ab0c0, 0x000000010f8ab2a0]
Event: 6.429 Thread 0x00007fb42802a400 3122       3       java.util.regex.Matcher::search (154 bytes)
Event: 6.430 Thread 0x00007fb42802a400 nmethod 3122 0x000000010f8ab390 code [0x000000010f8ab580, 0x000000010f8abb20]
Event: 6.430 Thread 0x00007fb42802a400 3124       3       java.lang.StringUTF16::inflate (42 bytes)
Event: 6.430 Thread 0x00007fb42802a400 nmethod 3124 0x000000010f8abd10 code [0x000000010f8abee0, 0x000000010f8ac1e0]
Event: 6.430 Thread 0x00007fb42802a400 3126       3       javafx.scene.text.Text::getTextLayout (190 bytes)

GC Heap History (6 events):
Event: 0.970 GC heap before
{Heap before GC invocations=0 (full 0):
 garbage-first heap   total 266240K, used 22432K [0x0000000700000000, 0x0000000800000000)
  region size 2048K, 11 young (22528K), 0 survivors (0K)
 Metaspace       used 6875K, committed 7104K, reserved 1114112K
  class space    used 853K, committed 960K, reserved 1048576K
}
Event: 0.973 GC heap after
{Heap after GC invocations=1 (full 0):
 garbage-first heap   total 266240K, used 5296K [0x0000000700000000, 0x0000000800000000)
  region size 2048K, 2 young (4096K), 2 survivors (4096K)
 Metaspace       used 6875K, committed 7104K, reserved 1114112K
  class space    used 853K, committed 960K, reserved 1048576K
}
Event: 1.812 GC heap before
{Heap before GC invocations=1 (full 0):
 garbage-first heap   total 266240K, used 38064K [0x0000000700000000, 0x0000000800000000)
  region size 2048K, 20 young (40960K), 2 survivors (4096K)
 Metaspace       used 14695K, committed 14976K, reserved 1114112K
  class space    used 2198K, committed 2304K, reserved 1048576K
}
Event: 1.820 GC heap after
{Heap after GC invocations=2 (full 0):
 garbage-first heap   total 266240K, used 11849K [0x0000000700000000, 0x0000000800000000)
  region size 2048K, 4 young (8192K), 4 survivors (8192K)
 Metaspace       used 14695K, committed 14976K, reserved 1114112K
  class space    used 2198K, committed 2304K, reserved 1048576K
}
Event: 2.573 GC heap before
{Heap before GC invocations=2 (full 0):
 garbage-first heap   total 266240K, used 214601K [0x0000000700000000, 0x0000000800000000)
  region size 2048K, 14 young (28672K), 4 survivors (8192K)
 Metaspace       used 17187K, committed 17408K, reserved 1114112K
  class space    used 2612K, committed 2688K, reserved 1048576K
}
Event: 2.578 GC heap after
{Heap after GC invocations=3 (full 0):
 garbage-first heap   total 266240K, used 15629K [0x0000000700000000, 0x0000000800000000)
  region size 2048K, 6 young (12288K), 6 survivors (12288K)
 Metaspace       used 17187K, committed 17408K, reserved 1114112K
  class space    used 2612K, committed 2688K, reserved 1048576K
}

Dll operation events (12 events):
Event: 0.008 Loaded shared library /Users/config/jdk-17.0.19.jdk/lib/libjava.dylib
Event: 0.043 Loaded shared library /Users/config/jdk-17.0.19.jdk/lib/libnio.dylib
Event: 0.073 Loaded shared library /Users/config/jdk-17.0.19.jdk/lib/libzip.dylib
Event: 0.224 Loading shared library /Users/config/apache-maven-3.6.3/m2/org/openjfx/javafx-graphics/21.0.2/libprism_es2.dylib failed, dlopen(/Users/config/apache-maven-3.6.3/m2/org/openjfx/javafx-graphics/21.0.2/libprism_es2.dylib, 0x0001): tried: '/Users/config/apach
Event: 0.277 Loaded shared library /Users/gogym/.openjfx/cache/21.0.2+5/x86_64/libprism_es2.dylib
Event: 0.547 Loading shared library /Users/config/apache-maven-3.6.3/m2/org/openjfx/javafx-graphics/21.0.2/libglass.dylib failed, dlopen(/Users/config/apache-maven-3.6.3/m2/org/openjfx/javafx-graphics/21.0.2/libglass.dylib, 0x0001): tried: '/Users/config/apache-maven-
Event: 0.556 Loaded shared library /Users/gogym/.openjfx/cache/21.0.2+5/x86_64/libglass.dylib
Event: 0.855 Loaded shared library /Users/config/jdk-17.0.19.jdk/lib/libjimage.dylib
Event: 1.000 Loading shared library /Users/config/apache-maven-3.6.3/m2/org/openjfx/javafx-graphics/21.0.2/libjavafx_font.dylib failed, dlopen(/Users/config/apache-maven-3.6.3/m2/org/openjfx/javafx-graphics/21.0.2/libjavafx_font.dylib, 0x0001): tried: '/Users/config/a
Event: 1.003 Loaded shared library /Users/gogym/.openjfx/cache/21.0.2+5/x86_64/libjavafx_font.dylib
Event: 1.174 Loaded shared library /Users/config/jdk-17.0.19.jdk/lib/libnet.dylib
Event: 6.200 Loaded shared library /Users/gogym/Library/Caches/JNA/temp/jna2127091626046570394.tmp

Deoptimization events (20 events):
Event: 6.226 Thread 0x00007fb416008200 Uncommon trap: trap_request=0xffffff45 fr.pc=0x0000000116e02540 relative=0x0000000000000e60
Event: 6.226 Thread 0x00007fb416008200 Uncommon trap: reason=unstable_if action=reinterpret pc=0x0000000116e02540 method=jdk.internal.org.objectweb.asm.SymbolTable.put(Ljdk/internal/org/objectweb/asm/SymbolTable$Entry;)Ljdk/internal/org/objectweb/asm/SymbolTable$Entry; @ 13 c2
Event: 6.226 Thread 0x00007fb416008200 DEOPT PACKING pc=0x0000000116e02540 sp=0x0000700006b3ee50
Event: 6.226 Thread 0x00007fb416008200 DEOPT UNPACKING pc=0x000000011686a699 sp=0x0000700006b3eda8 mode 2
Event: 6.277 Thread 0x00007fb426978200 Uncommon trap: trap_request=0xffffffde fr.pc=0x0000000116e5c2c0 relative=0x00000000000000a0
Event: 6.277 Thread 0x00007fb426978200 Uncommon trap: reason=class_check action=maybe_recompile pc=0x0000000116e5c2c0 method=javafx.beans.property.DoublePropertyBase.get()D @ 23 c2
Event: 6.277 Thread 0x00007fb426978200 DEOPT PACKING pc=0x0000000116e5c2c0 sp=0x00007ff7bb9c9370
Event: 6.277 Thread 0x00007fb426978200 DEOPT UNPACKING pc=0x000000011686a699 sp=0x00007ff7bb9c9320 mode 2
Event: 6.330 Thread 0x00007fb426978200 Uncommon trap: trap_request=0xffffffde fr.pc=0x0000000116e5c2c0 relative=0x00000000000000a0
Event: 6.330 Thread 0x00007fb426978200 Uncommon trap: reason=class_check action=maybe_recompile pc=0x0000000116e5c2c0 method=javafx.beans.property.DoublePropertyBase.get()D @ 23 c2
Event: 6.330 Thread 0x00007fb426978200 DEOPT PACKING pc=0x0000000116e5c2c0 sp=0x00007ff7bb9c9370
Event: 6.330 Thread 0x00007fb426978200 DEOPT UNPACKING pc=0x000000011686a699 sp=0x00007ff7bb9c9320 mode 2
Event: 6.330 Thread 0x00007fb416008200 Uncommon trap: trap_request=0xffffff45 fr.pc=0x0000000116e3218c relative=0x000000000000074c
Event: 6.330 Thread 0x00007fb416008200 Uncommon trap: reason=unstable_if action=reinterpret pc=0x0000000116e3218c method=java.lang.AbstractStringBuilder.append(Ljava/lang/String;)Ljava/lang/AbstractStringBuilder; @ 1 c2
Event: 6.330 Thread 0x00007fb416008200 DEOPT PACKING pc=0x0000000116e3218c sp=0x0000700006b3f390
Event: 6.330 Thread 0x00007fb416008200 DEOPT UNPACKING pc=0x000000011686a699 sp=0x0000700006b3f368 mode 2
Event: 6.338 Thread 0x00007fb416008200 Uncommon trap: trap_request=0xffffff45 fr.pc=0x0000000116e201f4 relative=0x00000000000002d4
Event: 6.338 Thread 0x00007fb416008200 Uncommon trap: reason=unstable_if action=reinterpret pc=0x0000000116e201f4 method=jdk.internal.org.objectweb.asm.SymbolTable.put(Ljdk/internal/org/objectweb/asm/SymbolTable$Entry;)Ljdk/internal/org/objectweb/asm/SymbolTable$Entry; @ 13 c2
Event: 6.338 Thread 0x00007fb416008200 DEOPT PACKING pc=0x0000000116e201f4 sp=0x0000700006b3ece0
Event: 6.338 Thread 0x00007fb416008200 DEOPT UNPACKING pc=0x000000011686a699 sp=0x0000700006b3ec60 mode 2

Classes loaded (20 events):
Event: 6.282 Loading class java/util/concurrent/CompletableFuture$AltResult
Event: 6.282 Loading class java/util/concurrent/CompletableFuture$AltResult done
Event: 6.282 Loading class java/util/concurrent/CompletableFuture$Completion
Event: 6.282 Loading class java/util/concurrent/CompletableFuture$AsynchronousCompletionTask
Event: 6.282 Loading class java/util/concurrent/CompletableFuture$AsynchronousCompletionTask done
Event: 6.282 Loading class java/util/concurrent/CompletableFuture$Completion done
Event: 6.283 Loading class java/lang/ProcessHandleImpl$1
Event: 6.283 Loading class java/lang/ProcessHandleImpl$1 done
Event: 6.283 Loading class java/util/concurrent/CompletableFuture$UniHandle
Event: 6.283 Loading class java/util/concurrent/CompletableFuture$UniCompletion
Event: 6.283 Loading class java/util/concurrent/CompletableFuture$UniCompletion done
Event: 6.283 Loading class java/util/concurrent/CompletableFuture$UniHandle done
Event: 6.283 Loading class jdk/internal/event/ProcessStartEvent
Event: 6.284 Loading class jdk/internal/event/ProcessStartEvent done
Event: 6.324 Loading class java/lang/ProcessBuilder$NullInputStream
Event: 6.324 Loading class java/lang/ProcessBuilder$NullInputStream done
Event: 6.324 Loading class java/lang/ProcessBuilder$NullOutputStream
Event: 6.324 Loading class java/lang/ProcessBuilder$NullOutputStream done
Event: 6.340 Loading class java/lang/StringIndexOutOfBoundsException
Event: 6.340 Loading class java/lang/StringIndexOutOfBoundsException done

Classes unloaded (0 events):
No events

Classes redefined (0 events):
No events

Internal exceptions (20 events):
Event: 2.244 Thread 0x00007fb426978200 Exception <a 'java/lang/ClassNotFoundException'{0x000000070f89a050}: com/sun/javafx/scene/control/skin/resources/controls_zh_Hans_CN> (0x000000070f89a050) 
thrown [src/hotspot/share/prims/jni.cpp, line 535]
Event: 2.354 Thread 0x00007fb426978200 Exception <a 'java/lang/NoSuchMethodError'{0x000000070f5a6470}: 'java.lang.Object java.lang.invoke.DirectMethodHandle$Holder.newInvokeSpecial(java.lang.Object, java.lang.Object, int, int)'> (0x000000070f5a6470) 
thrown [src/hotspot/share/interpreter/linkResolver.cpp, line 759]
Event: 2.361 Thread 0x00007fb426978200 Exception <a 'java/lang/NoSuchMethodError'{0x000000070f5ba3c8}: 'java.lang.Object java.lang.invoke.DirectMethodHandle$Holder.newInvokeSpecial(java.lang.Object, java.lang.Object, int)'> (0x000000070f5ba3c8) 
thrown [src/hotspot/share/interpreter/linkResolver.cpp, line 759]
Event: 2.534 Thread 0x00007fb42681de00 Exception <a 'java/lang/NoSuchMethodError'{0x000000070f1697a0}: 'int java.lang.invoke.DirectMethodHandle$Holder.invokeStaticInit(java.lang.Object, java.lang.Object)'> (0x000000070f1697a0) 
thrown [src/hotspot/share/interpreter/linkResolver.cpp, line 759]
Event: 4.134 Thread 0x00007fb426978200 Exception <a 'java/lang/NoSuchMethodError'{0x000000070fd1b338}: 'long java.lang.invoke.DirectMethodHandle$Holder.invokeStatic(java.lang.Object, java.lang.Object, java.lang.Object)'> (0x000000070fd1b338) 
thrown [src/hotspot/share/interpreter/linkResolver.cpp, line 759]
Event: 4.134 Thread 0x00007fb426978200 Exception <a 'java/lang/NoSuchMethodError'{0x000000070fd1eae0}: 'long java.lang.invoke.DirectMethodHandle$Holder.invokeStaticInit(java.lang.Object, java.lang.Object, java.lang.Object)'> (0x000000070fd1eae0) 
thrown [src/hotspot/share/interpreter/linkResolver.cpp, line 759]
Event: 4.137 Thread 0x00007fb426978200 Exception <a 'java/lang/NoSuchMethodError'{0x000000070fd36660}: 'java.lang.Object java.lang.invoke.DirectMethodHandle$Holder.newInvokeSpecial(java.lang.Object, java.lang.Object, long)'> (0x000000070fd36660) 
thrown [src/hotspot/share/interpreter/linkResolver.cpp, line 759]
Event: 4.137 Thread 0x00007fb426978200 Exception <a 'java/lang/NoSuchMethodError'{0x000000070fd39f28}: 'java.lang.Object java.lang.invoke.Invokers$Holder.linkToTargetMethod(java.lang.Object, long, java.lang.Object)'> (0x000000070fd39f28) 
thrown [src/hotspot/share/interpreter/linkResolver.cpp, line 759]
Event: 5.801 Thread 0x00007fb42681de00 Exception <a 'java/lang/NoSuchMethodError'{0x000000070fcbf030}: 'java.lang.Object java.lang.invoke.DirectMethodHandle$Holder.invokeStaticInit(java.lang.Object, int)'> (0x000000070fcbf030) 
thrown [src/hotspot/share/interpreter/linkResolver.cpp, line 759]
Event: 6.219 Thread 0x00007fb416008200 Implicit null exception at 0x0000000116e735f4 to 0x0000000116e73d0c
Event: 6.221 Thread 0x00007fb416008200 Exception <a 'java/lang/UnsatisfiedLinkError'{0x000000070f670e00}: dlopen(libApplicationServices.dylib, 0x0009): tried: 'libApplicationServices.dylib' (no such file), '/System/Volumes/Preboot/Cryptexes/OSlibApplicationServices.dylib' (no such file), '/Users/config/jdk-17.0.19.jdk/bin/./libApplicationServices.dylib' (no such file), '/Users/config/jdk-17.0.19.jdk/bin/../lib/libApplicationServices.dylib' (no such file), '/usr/lib/libApplicationServices.dylib' (no such file, not in dyld cache), 'libApplication
Event: 6.222 Thread 0x00007fb416008200 Exception <a 'java/lang/UnsatisfiedLinkError'{0x000000070f671fc8}: dlopen(libApplicationServices.dylib, 0x0009): tried: 'libApplicationServices.dylib' (no such file), '/System/Volumes/Preboot/Cryptexes/OSlibApplicationServices.dylib' (no such file), '/Users/config/jdk-17.0.19.jdk/bin/./libApplicationServices.dylib' (no such file), '/Users/config/jdk-17.0.19.jdk/bin/../lib/libApplicationServices.dylib' (no such file), '/usr/lib/libApplicationServices.dylib' (no such file, not in dyld cache), 'libApplication
Event: 6.278 Thread 0x00007fb416008200 Exception <a 'java/lang/NoSuchMethodError'{0x000000070f717e50}: 'java.lang.Object java.lang.invoke.DirectMethodHandle$Holder.invokeStatic(java.lang.Object, java.lang.Object, long, java.lang.Object)'> (0x000000070f717e50) 
thrown [src/hotspot/share/interpreter/linkResolver.cpp, line 759]
Event: 6.278 Thread 0x00007fb416008200 Exception <a 'java/lang/NoSuchMethodError'{0x000000070f71b8e8}: 'java.lang.Object java.lang.invoke.DirectMethodHandle$Holder.invokeStaticInit(java.lang.Object, java.lang.Object, long, java.lang.Object)'> (0x000000070f71b8e8) 
thrown [src/hotspot/share/interpreter/linkResolver.cpp, line 759]
Event: 6.280 Thread 0x00007fb416008200 Exception <a 'java/lang/NoSuchMethodError'{0x000000070f725678}: 'java.lang.Object java.lang.invoke.DirectMethodHandle$Holder.newInvokeSpecial(java.lang.Object, java.lang.Object, java.lang.Object, int)'> (0x000000070f725678) 
thrown [src/hotspot/share/interpreter/linkResolver.cpp, line 759]
Event: 6.280 Thread 0x00007fb416008200 Exception <a 'java/lang/NoSuchMethodError'{0x000000070f729a58}: 'java.lang.Object java.lang.invoke.DirectMethodHandle$Holder.invokeSpecial(java.lang.Object, java.lang.Object, java.lang.Object, java.lang.Object, int)'> (0x000000070f729a58) 
thrown [src/hotspot/share/interpreter/linkResolver.cpp, line 759]
Event: 6.280 Thread 0x00007fb416008200 Exception <a 'java/lang/NoSuchMethodError'{0x000000070f72d620}: 'java.lang.Object java.lang.invoke.Invokers$Holder.linkToTargetMethod(java.lang.Object, java.lang.Object, int, java.lang.Object)'> (0x000000070f72d620) 
thrown [src/hotspot/share/interpreter/linkResolver.cpp, line 759]
Event: 6.330 Thread 0x00007fb416008200 Implicit null exception at 0x0000000116e31a74 to 0x0000000116e32174
Event: 6.331 Thread 0x00007fb416008200 Exception <a 'java/lang/UnsatisfiedLinkError'{0x000000070f7a6cf0}: dlopen(libCoreFoundation.dylib, 0x0009): tried: 'libCoreFoundation.dylib' (no such file), '/System/Volumes/Preboot/Cryptexes/OSlibCoreFoundation.dylib' (no such file), '/Users/config/jdk-17.0.19.jdk/bin/./libCoreFoundation.dylib' (no such file), '/Users/config/jdk-17.0.19.jdk/bin/../lib/libCoreFoundation.dylib' (no such file), '/usr/lib/libCoreFoundation.dylib' (no such file, not in dyld cache), 'libCoreFoundation.dylib' (no such file), '/u
Event: 6.331 Thread 0x00007fb416008200 Exception <a 'java/lang/UnsatisfiedLinkError'{0x000000070f7a7d80}: dlopen(libCoreFoundation.dylib, 0x0009): tried: 'libCoreFoundation.dylib' (no such file), '/System/Volumes/Preboot/Cryptexes/OSlibCoreFoundation.dylib' (no such file), '/Users/config/jdk-17.0.19.jdk/bin/./libCoreFoundation.dylib' (no such file), '/Users/config/jdk-17.0.19.jdk/bin/../lib/libCoreFoundation.dylib' (no such file), '/usr/lib/libCoreFoundation.dylib' (no such file, not in dyld cache), 'libCoreFoundation.dylib' (no such file), '/u

VM Operations (20 events):
Event: 1.244 Executing VM operation: ICBufferFull
Event: 1.244 Executing VM operation: ICBufferFull done
Event: 1.261 Executing VM operation: HandshakeAllThreads
Event: 1.261 Executing VM operation: HandshakeAllThreads done
Event: 1.726 Executing VM operation: ICBufferFull
Event: 1.726 Executing VM operation: ICBufferFull done
Event: 1.811 Executing VM operation: G1TryInitiateConcMark
Event: 1.820 Executing VM operation: G1TryInitiateConcMark done
Event: 2.266 Executing VM operation: HandshakeAllThreads
Event: 2.266 Executing VM operation: HandshakeAllThreads done
Event: 2.573 Executing VM operation: G1TryInitiateConcMark
Event: 2.578 Executing VM operation: G1TryInitiateConcMark done
Event: 3.582 Executing VM operation: Cleanup
Event: 3.582 Executing VM operation: Cleanup done
Event: 4.585 Executing VM operation: Cleanup
Event: 4.585 Executing VM operation: Cleanup done
Event: 5.587 Executing VM operation: Cleanup
Event: 5.587 Executing VM operation: Cleanup done
Event: 6.281 Executing VM operation: HandshakeAllThreads
Event: 6.281 Executing VM operation: HandshakeAllThreads done

Memory protections (20 events):
Event: 0.038 Protecting memory [0x0000700005376000,0x000070000537a000] with protection modes 0
Event: 0.038 Protecting memory [0x0000700005479000,0x000070000547d000] with protection modes 0
Event: 0.060 Protecting memory [0x000070000557c000,0x0000700005580000] with protection modes 0
Event: 0.136 Protecting memory [0x000070000567f000,0x0000700005683000] with protection modes 0
Event: 0.202 Protecting memory [0x0000700005885000,0x0000700005889000] with protection modes 0
Event: 0.559 Protecting memory [0x0000700005988000,0x000070000598c000] with protection modes 0
Event: 0.561 Protecting memory [0x00007ff7bb1d0000,0x00007ff7bb1d4000] with protection modes 0
Event: 0.744 Protecting memory [0x0000700005b91000,0x0000700005b95000] with protection modes 0
Event: 0.827 Protecting memory [0x0000700005c97000,0x0000700005c9b000] with protection modes 0
Event: 0.995 Protecting memory [0x0000700005b91000,0x0000700005b95000] with protection modes 3
Event: 1.310 Protecting memory [0x0000700005b91000,0x0000700005b95000] with protection modes 0
Event: 1.635 Protecting memory [0x00007000062a9000,0x00007000062ad000] with protection modes 0
Event: 2.554 Protecting memory [0x00007000068bb000,0x00007000068bf000] with protection modes 0
Event: 2.814 Protecting memory [0x0000700005b91000,0x0000700005b95000] with protection modes 3
Event: 4.086 Protecting memory [0x00007000069be000,0x00007000069c2000] with protection modes 0
Event: 4.682 Protecting memory [0x00007000069be000,0x00007000069c2000] with protection modes 3
Event: 4.948 Protecting memory [0x00007000069be000,0x00007000069c2000] with protection modes 0
Event: 5.730 Protecting memory [0x0000700006a41000,0x0000700006a45000] with protection modes 0
Event: 6.223 Protecting memory [0x0000700006b44000,0x0000700006b48000] with protection modes 0
Event: 6.283 Protecting memory [0x0000700006c47000,0x0000700006c4b000] with protection modes 0

Nmethod flushes (0 events):
No events

Events (20 events):
Event: 0.038 Thread 0x00007fb429017a00 Thread added: 0x00007fb42802a400
Event: 0.038 Thread 0x00007fb429017a00 Thread added: 0x00007fb42700b400
Event: 0.060 Thread 0x00007fb429017a00 Thread added: 0x00007fb429019c00
Event: 0.136 Thread 0x00007fb429017a00 Thread added: 0x00007fb42681d800
Event: 0.202 Thread 0x00007fb429017a00 Thread added: 0x00007fb42681de00
Event: 0.559 Thread 0x00007fb429017a00 Thread added: 0x00007fb426052800
Event: 0.561 Thread 0x00007fb426978200 Thread added: 0x00007fb426978200
Event: 0.744 Thread 0x00007fb4290e5600 Thread added: 0x00007fb4290e5600
Event: 0.827 Thread 0x00007fb429017a00 Thread added: 0x00007fb426982800
Event: 0.995 Thread 0x00007fb4290e5600 Thread exited: 0x00007fb4290e5600
Event: 1.310 Thread 0x00007fb428135600 Thread added: 0x00007fb428135600
Event: 1.635 Thread 0x00007fb426978200 Thread added: 0x00007fb42817fc00
Event: 2.554 Thread 0x00007fb42681de00 Thread added: 0x00007fb4280e7c00
Event: 2.814 Thread 0x00007fb428135600 Thread exited: 0x00007fb428135600
Event: 4.086 Thread 0x00007fb428335a00 Thread added: 0x00007fb428335a00
Event: 4.682 Thread 0x00007fb428335a00 Thread exited: 0x00007fb428335a00
Event: 4.948 Thread 0x00007fb429500a00 Thread added: 0x00007fb429500a00
Event: 5.730 Thread 0x00007fb426978200 Thread added: 0x00007fb416008200
Event: 6.223 Thread 0x00007fb416008200 Thread added: 0x00007fb41601f400
Event: 6.283 Thread 0x00007fb416008200 Thread added: 0x00007fb41601ae00


Dynamic libraries:
0x0000000104550000 	/Users/config/jdk-17.0.19.jdk/lib/libjli.dylib
0x00007ff81465c000 	/usr/lib/libz.1.dylib
0x00007ff814748000 	/usr/lib/libSystem.B.dylib
0x00007ff814742000 	/usr/lib/system/libcache.dylib
0x00007ff8146fa000 	/usr/lib/system/libcommonCrypto.dylib
0x00007ff814724000 	/usr/lib/system/libcompiler_rt.dylib
0x00007ff814718000 	/usr/lib/system/libcopyfile.dylib
0x00007ff8048f7000 	/usr/lib/system/libcorecrypto.dylib
0x00007ff804a04000 	/usr/lib/system/libdispatch.dylib
0x00007ff8047b2000 	/usr/lib/system/libdyld.dylib
0x00007ff814738000 	/usr/lib/system/libkeymgr.dylib
0x00007ff8146df000 	/usr/lib/system/libmacho.dylib
0x00007ff81389c000 	/usr/lib/system/libquarantine.dylib
0x00007ff814735000 	/usr/lib/system/libremovefile.dylib
0x00007ff80aea5000 	/usr/lib/system/libsystem_asl.dylib
0x00007ff804880000 	/usr/lib/system/libsystem_blocks.dylib
0x00007ff804a4f000 	/usr/lib/system/libsystem_c.dylib
0x00007ff81472c000 	/usr/lib/system/libsystem_collections.dylib
0x00007ff812216000 	/usr/lib/system/libsystem_configuration.dylib
0x00007ff810d9d000 	/usr/lib/system/libsystem_containermanager.dylib
0x00007ff8141ac000 	/usr/lib/system/libsystem_coreservices.dylib
0x00007ff8085da000 	/usr/lib/system/libsystem_darwin.dylib
0x00007ffe08478000 	/usr/lib/system/libsystem_darwindirectory.dylib
0x00007ff814739000 	/usr/lib/system/libsystem_dnssd.dylib
0x00007ffe0847d000 	/usr/lib/system/libsystem_eligibility.dylib
0x00007ff804a4c000 	/usr/lib/system/libsystem_featureflags.dylib
0x00007ff804bd1000 	/usr/lib/system/libsystem_info.dylib
0x00007ff814670000 	/usr/lib/system/libsystem_m.dylib
0x00007ff8049b7000 	/usr/lib/system/libsystem_malloc.dylib
0x00007ff80ae0f000 	/usr/lib/system/libsystem_networkextension.dylib
0x00007ff808a22000 	/usr/lib/system/libsystem_notify.dylib
0x00007ff81221a000 	/usr/lib/system/libsystem_sandbox.dylib
0x00007ffe08487000 	/usr/lib/system/libsystem_sanitizers.dylib
0x00007ff814731000 	/usr/lib/system/libsystem_secinit.dylib
0x00007ff804b7c000 	/usr/lib/system/libsystem_kernel.dylib
0x00007ff804bc7000 	/usr/lib/system/libsystem_platform.dylib
0x00007ff804bba000 	/usr/lib/system/libsystem_pthread.dylib
0x00007ff80cc81000 	/usr/lib/system/libsystem_symptoms.dylib
0x00007ff8048d7000 	/usr/lib/system/libsystem_trace.dylib
0x00007ffe08490000 	/usr/lib/system/libsystem_trial.dylib
0x00007ff814707000 	/usr/lib/system/libunwind.dylib
0x00007ff804884000 	/usr/lib/system/libxpc.dylib
0x00007ff80476c000 	/usr/lib/libobjc.A.dylib
0x00007ff804c00000 	/System/Library/Frameworks/CoreFoundation.framework/Versions/A/CoreFoundation
0x00007ff8184b2000 	/usr/lib/swift/libswiftCore.dylib
0x00007ff804b64000 	/usr/lib/libc++abi.dylib
0x00007ffe06c78000 	/usr/lib/libRosetta.dylib
0x00007ff804ad9000 	/usr/lib/libc++.1.dylib
0x00007ff805e94000 	/System/Library/Frameworks/Foundation.framework/Versions/C/Foundation
0x00007ff821fb5000 	/usr/lib/swift/libswiftObjectiveC.dylib
0x00007ffe07d23000 	/usr/lib/libswiftPrespecialized.dylib
0x00007ff805b1f000 	/System/Library/Frameworks/SystemConfiguration.framework/Versions/A/SystemConfiguration
0x00007ff80f15d000 	/System/Library/PrivateFrameworks/CoreAutoLayout.framework/Versions/A/CoreAutoLayout
0x00007ff81474a000 	/usr/lib/libfakelink.dylib
0x00007ff814944000 	/usr/lib/libcompression.dylib
0x00007ff80aa79000 	/System/Library/Frameworks/CFNetwork.framework/Versions/A/CFNetwork
0x00007ff80e30b000 	/System/Library/Frameworks/DiskArbitration.framework/Versions/A/DiskArbitration
0x00007ff81479b000 	/usr/lib/libarchive.2.dylib
0x00007ff80e21d000 	/usr/lib/libDiagnosticMessagesClient.dylib
0x00007ff80832f000 	/usr/lib/libicucore.A.dylib
0x00007ff80f1a7000 	/usr/lib/libxml2.2.dylib
0x00007ff81d1e5000 	/System/Library/Frameworks/CoreServices.framework/Versions/A/CoreServices
0x00007ff812227000 	/usr/lib/liblangid.dylib
0x00007ff808955000 	/System/Library/Frameworks/IOKit.framework/Versions/A/IOKit
0x00007ff81acb6000 	/System/Library/Frameworks/Combine.framework/Versions/A/Combine
0x00007ffc04eb0000 	/System/Library/PrivateFrameworks/CollectionsInternal.framework/Versions/A/CollectionsInternal
0x00007ffd0a59d000 	/System/Library/PrivateFrameworks/ReflectionInternal.framework/Versions/A/ReflectionInternal
0x00007ffd0b2df000 	/System/Library/PrivateFrameworks/RuntimeInternal.framework/Versions/A/RuntimeInternal
0x00007ff81474d000 	/System/Library/PrivateFrameworks/SoftLinking.framework/Versions/A/SoftLinking
0x00007ff90f93d000 	/usr/lib/swift/libswiftCoreFoundation.dylib
0x00007ff90ca2c000 	/usr/lib/swift/libswiftDarwin.dylib
0x00007ff81f1d7000 	/usr/lib/swift/libswiftDispatch.dylib
0x00007ff90f98b000 	/usr/lib/swift/libswiftIOKit.dylib
0x00007ffe0810c000 	/usr/lib/swift/libswiftSystem.dylib
0x00007ff90f94d000 	/usr/lib/swift/libswiftXPC.dylib
0x00007ffe0813b000 	/usr/lib/swift/libswift_Builtin_float.dylib
0x00007ffe0813e000 	/usr/lib/swift/libswift_Concurrency.dylib
0x00007ffe081ab000 	/usr/lib/swift/libswift_DarwinFoundation1.dylib
0x00007ffe08292000 	/usr/lib/swift/libswift_StringProcessing.dylib
0x00007ff821fb9000 	/usr/lib/swift/libswiftos.dylib
0x00007ff8088d4000 	/System/Library/PrivateFrameworks/CoreServicesInternal.framework/Versions/A/CoreServicesInternal
0x00007ff814710000 	/usr/lib/liboah.dylib
0x00007ff807f30000 	/System/Library/Frameworks/Security.framework/Versions/A/Security
0x00007ff8214ec000 	/System/Library/PrivateFrameworks/DiskImages.framework/Versions/A/DiskImages
0x00007ff90c4ef000 	/System/Library/Frameworks/NetFS.framework/Versions/A/NetFS
0x00007ff80f125000 	/System/Library/Frameworks/CoreServices.framework/Versions/A/Frameworks/FSEvents.framework/Versions/A/FSEvents
0x00007ff8085e5000 	/System/Library/Frameworks/CoreServices.framework/Versions/A/Frameworks/CarbonCore.framework/Versions/A/CarbonCore
0x00007ff80e281000 	/System/Library/Frameworks/CoreServices.framework/Versions/A/Frameworks/Metadata.framework/Versions/A/Metadata
0x00007ff8141b3000 	/System/Library/Frameworks/CoreServices.framework/Versions/A/Frameworks/OSServices.framework/Versions/A/OSServices
0x00007ff814876000 	/System/Library/Frameworks/CoreServices.framework/Versions/A/Frameworks/SearchKit.framework/Versions/A/SearchKit
0x00007ff80cbff000 	/System/Library/Frameworks/CoreServices.framework/Versions/A/Frameworks/AE.framework/Versions/A/AE
0x00007ff8050bc000 	/System/Library/Frameworks/CoreServices.framework/Versions/A/Frameworks/LaunchServices.framework/Versions/A/LaunchServices
0x00007ff815e8d000 	/System/Library/Frameworks/CoreServices.framework/Versions/A/Frameworks/DictionaryServices.framework/Versions/A/DictionaryServices
0x00007ff80f133000 	/System/Library/Frameworks/CoreServices.framework/Versions/A/Frameworks/SharedFileList.framework/Versions/A/SharedFileList
0x00007ff8148f8000 	/usr/lib/libapple_nghttp2.dylib
0x00007ff80c810000 	/usr/lib/libsqlite3.dylib
0x00007ff821726000 	/System/Library/PrivateFrameworks/AppSupport.framework/Versions/A/AppSupport
0x00007ff80e1ef000 	/System/Library/PrivateFrameworks/CoreAnalytics.framework/Versions/A/CoreAnalytics
0x00007ff80b42a000 	/System/Library/Frameworks/CoreGraphics.framework/Versions/A/CoreGraphics
0x00007ff819115000 	/System/Library/Frameworks/GSS.framework/Versions/A/GSS
0x00007ff81759e000 	/System/Library/PrivateFrameworks/InternationalSupport.framework/Versions/A/InternationalSupport
0x00007ff80cb97000 	/System/Library/PrivateFrameworks/RunningBoardServices.framework/Versions/A/RunningBoardServices
0x00007ff821f42000 	/System/Library/PrivateFrameworks/StreamingZip.framework/Versions/A/StreamingZip
0x00007ff80ae29000 	/usr/lib/libenergytrace.dylib
0x00007ff80cc89000 	/System/Library/Frameworks/Network.framework/Versions/A/Network
0x00007ff8138c1000 	/usr/lib/libbsm.0.dylib
0x00007ff8146e3000 	/usr/lib/system/libkxld.dylib
0x00007ffb208d4000 	/System/Library/PrivateFrameworks/AppleKeyStore.framework/Versions/A/AppleKeyStore
0x00007ffe069d0000 	/usr/lib/libCoreEntitlements.dylib
0x00007ffc20959000 	/System/Library/PrivateFrameworks/MessageSecurity.framework/Versions/A/MessageSecurity
0x00007ff80c7f4000 	/System/Library/PrivateFrameworks/ProtocolBuffer.framework/Versions/A/ProtocolBuffer
0x00007ff81e27c000 	/System/Library/PrivateFrameworks/SymptomDiagnosticReporter.framework/Versions/A/SymptomDiagnosticReporter
0x00007ff8161cc000 	/System/Library/PrivateFrameworks/CrashReporterSupport.framework/Versions/A/CrashReporterSupport
0x00007ff80ae2a000 	/usr/lib/libMobileGestalt.dylib
0x00007ff814192000 	/System/Library/PrivateFrameworks/AppleFSCompression.framework/Versions/A/AppleFSCompression
0x00007ff8138a9000 	/usr/lib/libcoretls.dylib
0x00007ff815efc000 	/usr/lib/libcoretls_cfhelpers.dylib
0x00007ff81493e000 	/usr/lib/libpam.2.dylib
0x00007ff815f75000 	/usr/lib/libxar.1.dylib
0x00007ff815efe000 	/System/Library/PrivateFrameworks/APFS.framework/Versions/A/APFS
0x00007ffd14d00000 	/System/Library/PrivateFrameworks/SwiftASN1Internal.framework/Versions/A/SwiftASN1Internal
0x00007ff815f83000 	/usr/lib/libutil.dylib
0x00007ff812222000 	/System/Library/PrivateFrameworks/AppleSystemInfo.framework/Versions/A/AppleSystemInfo
0x00007ff8135aa000 	/System/Library/PrivateFrameworks/IOMobileFramebuffer.framework/Versions/A/IOMobileFramebuffer
0x00007ff810dd4000 	/System/Library/Frameworks/IOSurface.framework/Versions/A/IOSurface
0x00007ff90f809000 	/System/Library/PrivateFrameworks/LoggingSupport.framework/Versions/A/LoggingSupport
0x00007ff81916d000 	/System/Library/PrivateFrameworks/MobileAsset.framework/Versions/A/MobileAsset
0x00007ff81e28b000 	/System/Library/PrivateFrameworks/PowerLog.framework/Versions/A/PowerLog
0x00007ffb1a517000 	/System/Library/Frameworks/SwiftData.framework/Versions/A/SwiftData
0x00007ff80a46e000 	/System/Library/Frameworks/UniformTypeIdentifiers.framework/Versions/A/UniformTypeIdentifiers
0x00007ff80f33d000 	/System/Library/PrivateFrameworks/UserManagement.framework/Versions/A/UserManagement
0x00007ff80a99b000 	/usr/lib/libboringssl.dylib
0x00007ff80cc70000 	/usr/lib/libdns_services.dylib
0x00007ff90e8b6000 	/usr/lib/libquic.dylib
0x00007ff81843b000 	/usr/lib/libusrtcp.dylib
0x00007ffb21665000 	/System/Library/PrivateFrameworks/AtomicsInternal.framework/Versions/A/AtomicsInternal
0x00007ffa154c0000 	/System/Library/PrivateFrameworks/InternalSwiftProtobuf.framework/Versions/A/InternalSwiftProtobuf
0x00007ffe07f77000 	/usr/lib/swift/libswiftDistributed.dylib
0x00007ffe07f9d000 	/usr/lib/swift/libswiftObservation.dylib
0x00007ffe08104000 	/usr/lib/swift/libswiftSynchronization.dylib
0x00007ff812221000 	/System/Library/PrivateFrameworks/AggregateDictionary.framework/Versions/A/AggregateDictionary
0x00007ffc02046000 	/System/Library/PrivateFrameworks/BiomeLibrary.framework/Versions/A/BiomeLibrary
0x00007ff91e9a1000 	/System/Library/PrivateFrameworks/BiomeStreams.framework/Versions/A/BiomeStreams
0x00007ff91a80e000 	/System/Library/PrivateFrameworks/BiomeFoundation.framework/Versions/A/BiomeFoundation
0x00007ffa049a6000 	/System/Library/PrivateFrameworks/BiomePubSub.framework/Versions/A/BiomePubSub
0x00007ff80c36a000 	/System/Library/Frameworks/CoreData.framework/Versions/A/CoreData
0x00007ff823047000 	/System/Library/PrivateFrameworks/ProactiveSupport.framework/Versions/A/ProactiveSupport
0x00007ff815edc000 	/usr/lib/liblzma.5.dylib
0x00007ff81d458000 	/System/Library/Frameworks/Accelerate.framework/Versions/A/Accelerate
0x00007ff8137b0000 	/System/Library/PrivateFrameworks/MobileKeyBag.framework/Versions/A/MobileKeyBag
0x00007ff821a36000 	/System/Library/PrivateFrameworks/InternationalTextSearch.framework/Versions/A/InternationalTextSearch
0x00007ff916fef000 	/System/Library/PrivateFrameworks/SoftwareUpdateCoreSupport.framework/Versions/A/SoftwareUpdateCoreSupport
0x00007ff91f334000 	/System/Library/PrivateFrameworks/SoftwareUpdateCoreConnect.framework/Versions/A/SoftwareUpdateCoreConnect
0x00007ff8215d6000 	/System/Library/PrivateFrameworks/RemoteServiceDiscovery.framework/Versions/A/RemoteServiceDiscovery
0x00007ff916bcc000 	/System/Library/PrivateFrameworks/MSUDataAccessor.framework/Versions/A/MSUDataAccessor
0x00007ff911b38000 	/usr/lib/libbootpolicy.dylib
0x00007ff8215ed000 	/System/Library/PrivateFrameworks/RemoteXPC.framework/Versions/A/RemoteXPC
0x00007ff91e851000 	/usr/lib/libFDR.dylib
0x00007ffa04600000 	/usr/lib/libamsupport.dylib
0x00007ffb20146000 	/System/Library/PrivateFrameworks/AppleDeviceQuerySupport.framework/Versions/A/AppleDeviceQuerySupport
0x00007ffa07680000 	/usr/lib/libpartition2_dynamic.dylib
0x00007ff8148d6000 	/System/Library/PrivateFrameworks/AppleSauce.framework/Versions/A/AppleSauce
0x00007ffe06850000 	/usr/lib/libAppleArchive.dylib
0x00007ff81419d000 	/usr/lib/libbz2.1.0.dylib
0x00007ff80e313000 	/System/Library/Frameworks/Accelerate.framework/Versions/A/Frameworks/vImage.framework/Versions/A/vImage
0x00007ff81d1bb000 	/System/Library/Frameworks/Accelerate.framework/Versions/A/Frameworks/vecLib.framework/Versions/A/vecLib
0x00007ff815fb8000 	/System/Library/Frameworks/Accelerate.framework/Versions/A/Frameworks/vecLib.framework/Versions/A/libvMisc.dylib
0x00007ff8055d3000 	/System/Library/Frameworks/Accelerate.framework/Versions/A/Frameworks/vecLib.framework/Versions/A/libBLAS.dylib
0x00007ff821a35000 	/System/Library/Frameworks/ApplicationServices.framework/Versions/A/ApplicationServices
0x00007ff80f288000 	/System/Library/Frameworks/CoreVideo.framework/Versions/A/CoreVideo
0x00007ff80bd4a000 	/System/Library/Frameworks/ColorSync.framework/Versions/A/ColorSync
0x00007ff807540000 	/System/Library/Frameworks/CoreText.framework/Versions/A/CoreText
0x00007ff8118b6000 	/System/Library/Frameworks/ImageIO.framework/Versions/A/ImageIO
0x00007ff818d27000 	/System/Library/Frameworks/ApplicationServices.framework/Versions/A/Frameworks/ATS.framework/Versions/A/ATS
0x00007ff80bef5000 	/System/Library/Frameworks/ApplicationServices.framework/Versions/A/Frameworks/HIServices.framework/Versions/A/HIServices
0x00007ff81746d000 	/System/Library/Frameworks/ApplicationServices.framework/Versions/A/Frameworks/PrintCore.framework/Versions/A/PrintCore
0x00007ff8190df000 	/System/Library/Frameworks/ApplicationServices.framework/Versions/A/Frameworks/QD.framework/Versions/A/QD
0x00007ff8190db000 	/System/Library/Frameworks/ApplicationServices.framework/Versions/A/Frameworks/ColorSyncLegacy.framework/Versions/A/ColorSyncLegacy
0x00007ff818cfd000 	/System/Library/Frameworks/ApplicationServices.framework/Versions/A/Frameworks/SpeechSynthesis.framework/Versions/A/SpeechSynthesis
0x00007ff80aedf000 	/System/Library/PrivateFrameworks/SkyLight.framework/Versions/A/SkyLight
0x00007ff8112b9000 	/System/Library/PrivateFrameworks/FontServices.framework/libFontParser.dylib
0x00007ff80caa5000 	/System/Library/PrivateFrameworks/BaseBoard.framework/Versions/A/BaseBoard
0x00007ff81f521000 	/System/Library/PrivateFrameworks/BoardServices.framework/Versions/A/BoardServices
0x00007ff82130c000 	/System/Library/PrivateFrameworks/BackBoardServices.framework/Versions/A/BackBoardServices
0x00007ffb21c0c000 	/System/Library/PrivateFrameworks/BackBoardHIDEventFoundation.framework/Versions/A/BackBoardHIDEventFoundation
0x00007ff80703c000 	/System/Library/Frameworks/CoreDisplay.framework/Versions/A/CoreDisplay
0x00007ff816c7f000 	/System/Library/Frameworks/VideoToolbox.framework/Versions/A/VideoToolbox
0x00007ff81493c000 	/System/Library/Frameworks/MetalPerformanceShaders.framework/Versions/A/MetalPerformanceShaders
0x00007ffd0977c000 	/System/Library/PrivateFrameworks/ProDisplayLibrary.framework/Versions/A/ProDisplayLibrary
0x00007ff90297f000 	/System/Library/PrivateFrameworks/IOSurfaceAccelerator.framework/Versions/A/IOSurfaceAccelerator
0x00007ff810df8000 	/System/Library/Frameworks/Metal.framework/Versions/A/Metal
0x00007ff810def000 	/System/Library/PrivateFrameworks/IOAccelerator.framework/Versions/A/IOAccelerator
0x00007ff811112000 	/System/Library/Frameworks/CoreMedia.framework/Versions/A/CoreMedia
0x00007ff80aebd000 	/System/Library/PrivateFrameworks/TCC.framework/Versions/A/TCC
0x00007ff816c38000 	/System/Library/PrivateFrameworks/WatchdogClient.framework/Versions/A/WatchdogClient
0x00007ff80e9ed000 	/System/Library/Frameworks/QuartzCore.framework/Versions/A/QuartzCore
0x00007ff816c3a000 	/System/Library/PrivateFrameworks/MultitouchSupport.framework/Versions/A/MultitouchSupport
0x00007ffa0cbdd000 	/usr/lib/swift/libswiftOSLog.dylib
0x00007ff9135de000 	/usr/lib/swift/libswiftsimd.dylib
0x00007ffa04a07000 	/System/Library/PrivateFrameworks/BiomeStorage.framework/Versions/A/BiomeStorage
0x00007ffc1b2fb000 	/System/Library/PrivateFrameworks/IntelligencePlatformLibrary.framework/Versions/A/IntelligencePlatformLibrary
0x00007ffd08ba6000 	/System/Library/PrivateFrameworks/PoirotSchematizer.framework/Versions/A/PoirotSchematizer
0x00007ffc029a0000 	/System/Library/PrivateFrameworks/BiomeSync.framework/Versions/A/BiomeSync
0x00007ffb21cd0000 	/System/Library/PrivateFrameworks/BiomeDSL.framework/Versions/A/BiomeDSL
0x00007ffa1cd18000 	/System/Library/PrivateFrameworks/FeatureFlags.framework/Versions/A/FeatureFlags
0x00007ffd08c14000 	/System/Library/PrivateFrameworks/PoirotUDFs.framework/Versions/A/PoirotUDFs
0x00007ffd08b7b000 	/System/Library/PrivateFrameworks/PoirotSQLite.framework/Versions/A/PoirotSQLite
0x00007ff81fa59000 	/System/Library/PrivateFrameworks/CoreTime.framework/Versions/A/CoreTime
0x00007ff814783000 	/usr/lib/libiconv.2.dylib
0x00007ff8146de000 	/usr/lib/libcharset.1.dylib
0x00007ffe081e6000 	/usr/lib/swift/libswift_RegexParser.dylib
0x00007ffc03daf000 	/System/Library/PrivateFrameworks/CascadeSets.framework/Versions/A/CascadeSets
0x00007ff8192e1000 	/System/Library/PrivateFrameworks/CorePhoneNumbers.framework/Versions/A/CorePhoneNumbers
0x00007ff816a18000 	/System/Library/PrivateFrameworks/AppleJPEG.framework/Versions/A/AppleJPEG
0x00007ff81642d000 	/usr/lib/libexpat.1.dylib
0x00007ff817332000 	/System/Library/Frameworks/ImageIO.framework/Versions/A/Resources/libPng.dylib
0x00007ff817361000 	/System/Library/Frameworks/ImageIO.framework/Versions/A/Resources/libTIFF.dylib
0x00007ff817456000 	/System/Library/Frameworks/ImageIO.framework/Versions/A/Resources/libGIF.dylib
0x00007ff816a64000 	/System/Library/Frameworks/ImageIO.framework/Versions/A/Resources/libJP2.dylib
0x00007ff81612d000 	/usr/lib/libate.dylib
0x00007ff8173f5000 	/System/Library/Frameworks/ImageIO.framework/Versions/A/Resources/libJPEG.dylib
0x00007ff8173ec000 	/System/Library/Frameworks/ImageIO.framework/Versions/A/Resources/libRadiance.dylib
0x00007ffc12895000 	/System/Library/PrivateFrameworks/GPUCompiler.framework/Versions/32023/Libraries/libllvm-flatbuffers.dylib
0x00007ffc0cffe000 	/System/Library/PrivateFrameworks/FramePacing.framework/Versions/A/FramePacing
0x00007ffb0d752000 	/System/Library/Frameworks/OpenGL.framework/Versions/A/Libraries/libCoreFSCache.dylib
0x00007ffc0df6c000 	/System/Library/PrivateFrameworks/GPUCompiler.framework/Versions/32023/Libraries/libGPUCompilerUtils.dylib
0x00007ff81f5ed000 	/System/Library/PrivateFrameworks/GraphicsServices.framework/Versions/A/GraphicsServices
0x00007ff91d9bb000 	/usr/lib/swift/libswiftMetal.dylib
0x00007ffa02b70000 	/usr/lib/swift/libswiftQuartzCore.dylib
0x00007ffa07481000 	/usr/lib/swift/libswiftUniformTypeIdentifiers.dylib
0x00007ff811c00000 	/System/Library/Frameworks/CoreImage.framework/Versions/A/CoreImage
0x00007ffa10b84000 	/System/Library/PrivateFrameworks/Symbolication.framework/Versions/A/Symbolication
0x00007ffd0879c000 	/System/Library/PrivateFrameworks/PhotosensitivityProcessing.framework/Versions/A/PhotosensitivityProcessing
0x00007ffb0d75e000 	/System/Library/Frameworks/OpenGL.framework/Versions/A/OpenGL
0x00007ffb0ed48000 	/System/Library/Frameworks/OpenCL.framework/Versions/A/OpenCL
0x00007ff81665a000 	/System/Library/PrivateFrameworks/GraphVisualizer.framework/Versions/A/GraphVisualizer
0x00007ffb0d7b0000 	/System/Library/Frameworks/OpenGL.framework/Versions/A/Libraries/libGLU.dylib
0x00007ffb0d771000 	/System/Library/Frameworks/OpenGL.framework/Versions/A/Libraries/libGFXShared.dylib
0x00007ffb0d970000 	/System/Library/Frameworks/OpenGL.framework/Versions/A/Libraries/libGL.dylib
0x00007ffb0d77a000 	/System/Library/Frameworks/OpenGL.framework/Versions/A/Libraries/libGLImage.dylib
0x00007ffb0d76e000 	/System/Library/Frameworks/OpenGL.framework/Versions/A/Libraries/libCVMSPluginSupport.dylib
0x00007ffb0d759000 	/System/Library/Frameworks/OpenGL.framework/Versions/A/Libraries/libCoreVMClient.dylib
0x00007ffc0cf09000 	/System/Library/PrivateFrameworks/FontServices.framework/Versions/A/FontServices
0x00007ff81666d000 	/System/Library/PrivateFrameworks/OTSVG.framework/Versions/A/OTSVG
0x00007ff80edde000 	/System/Library/Frameworks/ApplicationServices.framework/Versions/A/Frameworks/ATS.framework/Versions/A/Resources/libFontRegistry.dylib
0x00007ffe072e0000 	/usr/lib/libhvf.dylib
0x00007ffd05afd000 	/System/Library/PrivateFrameworks/ParsingInternal.framework/Versions/A/ParsingInternal
0x00007ffc0cf0d000 	/System/Library/PrivateFrameworks/FontServices.framework/libXTFontStaticRegistryData.dylib
0x00007ff81215a000 	/System/Library/Frameworks/MetalPerformanceShaders.framework/Versions/A/Frameworks/MPSCore.framework/Versions/A/MPSCore
0x00007ff8140ed000 	/System/Library/Frameworks/MetalPerformanceShaders.framework/Versions/A/Frameworks/MPSImage.framework/Versions/A/MPSImage
0x00007ff813945000 	/System/Library/Frameworks/MetalPerformanceShaders.framework/Versions/A/Frameworks/MPSNeuralNetwork.framework/Versions/A/MPSNeuralNetwork
0x00007ff813ea3000 	/System/Library/Frameworks/MetalPerformanceShaders.framework/Versions/A/Frameworks/MPSMatrix.framework/Versions/A/MPSMatrix
0x00007ff813c59000 	/System/Library/Frameworks/MetalPerformanceShaders.framework/Versions/A/Frameworks/MPSRayIntersector.framework/Versions/A/MPSRayIntersector
0x00007ff813ee2000 	/System/Library/Frameworks/MetalPerformanceShaders.framework/Versions/A/Frameworks/MPSNDArray.framework/Versions/A/MPSNDArray
0x00007ffb13fae000 	/System/Library/Frameworks/MetalPerformanceShaders.framework/Versions/A/Frameworks/MPSFunctions.framework/Versions/A/MPSFunctions
0x00007ffb13f8e000 	/System/Library/Frameworks/MetalPerformanceShaders.framework/Versions/A/Frameworks/MPSBenchmarkLoop.framework/Versions/A/MPSBenchmarkLoop
0x00007ffb13fc3000 	/System/Library/Frameworks/MetalPerformanceShaders.framework/Versions/A/Frameworks/MPSHost.framework/Versions/A/MPSHost
0x00007ff8053e0000 	/System/Library/PrivateFrameworks/MetalTools.framework/Versions/A/MetalTools
0x00007ff914ddc000 	/System/Library/PrivateFrameworks/IOAccelMemoryInfo.framework/Versions/A/IOAccelMemoryInfo
0x00007ffa02f7c000 	/System/Library/PrivateFrameworks/kperf.framework/Versions/A/kperf
0x00007ff90f91f000 	/System/Library/PrivateFrameworks/GPURawCounter.framework/Versions/A/GPURawCounter
0x00007ff81f93b000 	/System/Library/PrivateFrameworks/CoreSymbolication.framework/Versions/A/CoreSymbolication
0x00007ff90f89c000 	/System/Library/PrivateFrameworks/MallocStackLogging.framework/Versions/A/MallocStackLogging
0x00007ff81f91c000 	/System/Library/PrivateFrameworks/DebugSymbols.framework/Versions/A/DebugSymbols
0x00007ff92191c000 	/System/Library/PrivateFrameworks/OSAnalytics.framework/Versions/A/OSAnalytics
0x00007ffc0b0f4000 	/System/Library/PrivateFrameworks/DeviceRecovery.framework/Versions/A/DeviceRecovery
0x00007ffb12003000 	/System/Library/Frameworks/ExtensionFoundation.framework/Versions/A/ExtensionFoundation
0x00007ff8166b3000 	/System/Library/PrivateFrameworks/AppServerSupport.framework/Versions/A/AppServerSupport
0x00007ff8164b2000 	/System/Library/PrivateFrameworks/IconServices.framework/Versions/A/IconServices
0x00007ffb13147000 	/System/Library/Frameworks/LightweightCodeRequirements.framework/Versions/A/LightweightCodeRequirements
0x00007ff81631d000 	/System/Library/PrivateFrameworks/PlugInKit.framework/Versions/A/PlugInKit
0x00007ff8137c6000 	/System/Library/PrivateFrameworks/AssertionServices.framework/Versions/A/AssertionServices
0x00007ffa07490000 	/usr/lib/swift/libswiftAccelerate.dylib
0x00007ff816452000 	/System/Library/PrivateFrameworks/IconFoundation.framework/Versions/A/IconFoundation
0x00007ffc1877e000 	/System/Library/PrivateFrameworks/IconRendering.framework/Versions/A/IconRendering
0x00007ff80ee2b000 	/System/Library/PrivateFrameworks/CoreUI.framework/Versions/A/CoreUI
0x00007ffd0b460000 	/System/Library/PrivateFrameworks/SFSymbols.framework/Versions/A/SFSymbols
0x00007ffb11ee4000 	/System/Library/Frameworks/DeveloperToolsSupport.framework/Versions/A/DeveloperToolsSupport
0x00007ff906dc3000 	/System/Library/PrivateFrameworks/RenderBox.framework/Versions/A/RenderBox
0x00007ff81187b000 	/System/Library/PrivateFrameworks/CoreSVG.framework/Versions/A/CoreSVG
0x00007ff8174e0000 	/System/Library/PrivateFrameworks/TextureIO.framework/Versions/A/TextureIO
0x00007ff90f98a000 	/usr/lib/swift/libswiftCoreImage.dylib
0x00007ff817427000 	/System/Library/Frameworks/ApplicationServices.framework/Versions/A/Frameworks/ATSUI.framework/Versions/A/ATSUI
0x00007ff818aa0000 	/System/Library/Frameworks/AudioToolbox.framework/Versions/A/AudioToolbox
0x00007ff80716a000 	/System/Library/PrivateFrameworks/AudioToolboxCore.framework/Versions/A/AudioToolboxCore
0x00007ff818c6b000 	/System/Library/PrivateFrameworks/AudioSession.framework/Versions/A/AudioSession
0x00007ff8244bc000 	/System/Library/Frameworks/CoreMIDI.framework/Versions/A/CoreMIDI
0x00007ff818ce5000 	/usr/lib/libAudioStatistics.dylib
0x00007ff8110ed000 	/System/Library/PrivateFrameworks/caulk.framework/Versions/A/caulk
0x00007ff807783000 	/System/Library/Frameworks/CoreAudio.framework/Versions/A/CoreAudio
0x00007ff817310000 	/usr/lib/libAudioToolboxUtility.dylib
0x00007ff90f923000 	/usr/lib/swift/libswiftCoreAudio.dylib
0x00007ff916439000 	/usr/lib/swift/libswiftCoreMIDI.dylib
0x00007ff8190e9000 	/System/Library/PrivateFrameworks/perfdata.framework/Versions/A/perfdata
0x00007ff90e9a5000 	/System/Library/PrivateFrameworks/SystemPolicy.framework/Versions/A/SystemPolicy
0x00007ff818f8c000 	/usr/lib/libSMC.dylib
0x00007ff8190f7000 	/usr/lib/libperfcheck.dylib
0x00007ffb2171b000 	/System/Library/PrivateFrameworks/AudioAnalytics.framework/Versions/A/AudioAnalytics
0x00007ffe081af000 	/usr/lib/swift/libswift_DarwinFoundation2.dylib
0x00007ffe081b0000 	/usr/lib/swift/libswift_DarwinFoundation3.dylib
0x00007ffa151ca000 	/System/Library/Frameworks/OSLog.framework/Versions/A/OSLog
0x00007ff90f8cc000 	/usr/lib/libmis.dylib
0x00007ff816576000 	/System/Library/PrivateFrameworks/MediaExperience.framework/Versions/A/MediaExperience
0x00007ff818a50000 	/System/Library/PrivateFrameworks/AudioSession.framework/libSessionUtility.dylib
0x00007ff81745c000 	/System/Library/PrivateFrameworks/CMCaptureCore.framework/Versions/A/CMCaptureCore
0x00007ff8166c1000 	/usr/lib/libspindump.dylib
0x00007ff81e170000 	/System/Library/Frameworks/CoreBluetooth.framework/Versions/A/CoreBluetooth
0x00007ff813639000 	/System/Library/PrivateFrameworks/CoreUtils.framework/Versions/A/CoreUtils
0x00007ff907adf000 	/System/Library/PrivateFrameworks/HID.framework/Versions/A/HID
0x00007ffc0a689000 	/System/Library/PrivateFrameworks/CoreUtilsExtras.framework/Versions/A/CoreUtilsExtras
0x00007ffc186ce000 	/System/Library/PrivateFrameworks/IO80211.framework/Versions/A/IO80211
0x00007ff81aa23000 	/System/Library/Frameworks/IOBluetooth.framework/Versions/A/IOBluetooth
0x00007ff91d9c8000 	/usr/lib/swift/libswiftCompression.dylib
0x00007ffb21355000 	/System/Library/PrivateFrameworks/ArgumentParserInternal.framework/Versions/A/ArgumentParserInternal
0x00007ff8161c3000 	/usr/lib/libIOReport.dylib
0x00007ff8137d3000 	/System/Library/Frameworks/SecurityFoundation.framework/Versions/A/SecurityFoundation
0x00007ff80583c000 	/System/Library/PrivateFrameworks/Lexicon.framework/Versions/A/Lexicon
0x00007ff81f441000 	/System/Library/PrivateFrameworks/FrontBoardServices.framework/Versions/A/FrontBoardServices
0x00007ff81392c000 	/usr/lib/libgermantok.dylib
0x00007ff812339000 	/System/Library/PrivateFrameworks/LinguisticData.framework/Versions/A/LinguisticData
0x00007ff81e36e000 	/System/Library/PrivateFrameworks/MediaKit.framework/Versions/A/MediaKit
0x00007ff81e2c8000 	/System/Library/Frameworks/DiscRecording.framework/Versions/A/DiscRecording
0x00007ff816449000 	/usr/lib/libheimdal-asn1.dylib
0x00007ff821f1d000 	/System/Library/Frameworks/AudioUnit.framework/Versions/A/AudioUnit
0x00007ff80f0fd000 	/System/Library/Frameworks/OpenDirectory.framework/Versions/A/OpenDirectory
0x00007ff80f109000 	/System/Library/Frameworks/OpenDirectory.framework/Versions/A/Frameworks/CFOpenDirectory.framework/Versions/A/CFOpenDirectory
0x00007ffb107d1000 	/System/Library/Frameworks/AVFAudio.framework/Versions/A/AVFAudio
0x00007ff908a37000 	/usr/lib/libAccessibility.dylib
0x00007ffc1be25000 	/System/Library/PrivateFrameworks/IsolatedCoreAudioClient.framework/Versions/A/IsolatedCoreAudioClient
0x00007ffa0b3dd000 	/usr/lib/swift/libswiftCoreMedia.dylib
0x00007ffd181cc000 	/System/Library/PrivateFrameworks/Tightbeam.framework/Versions/A/Tightbeam
0x00007ffc06708000 	/System/Library/PrivateFrameworks/CoreAudioOrchestration.framework/Versions/A/CoreAudioOrchestration
0x00007ffa07b3e000 	/System/Library/PrivateFrameworks/AFKUser.framework/Versions/A/AFKUser
0x00007ff81d4a5000 	/System/Library/Frameworks/MediaAccessibility.framework/Versions/A/MediaAccessibility
0x00007ffd1c0c9000 	/System/Library/PrivateFrameworks/VideoToolboxParavirtualizationSupport.framework/Versions/A/VideoToolboxParavirtualizationSupport
0x00007ff8163df000 	/System/Library/PrivateFrameworks/AppleVA.framework/Versions/A/AppleVA
0x00007ff8173e5000 	/System/Library/PrivateFrameworks/GPUWrangler.framework/Versions/A/GPUWrangler
0x00007ff8173c9000 	/System/Library/PrivateFrameworks/IOPresentment.framework/Versions/A/IOPresentment
0x00007ff8173ef000 	/System/Library/PrivateFrameworks/DSExternalDisplay.framework/Versions/A/DSExternalDisplay
0x00007ffb211b7000 	/System/Library/PrivateFrameworks/AppleMobileFileIntegrity.framework/Versions/A/AppleMobileFileIntegrity
0x00007ffe06cf5000 	/usr/lib/libTLE.dylib
0x00007ffb05824000 	/System/Library/PrivateFrameworks/ConfigProfileHelper.framework/Versions/A/ConfigProfileHelper
0x00007ffa1ae3b000 	/usr/lib/libedit.3.dylib
0x00007ffc1d161000 	/System/Library/PrivateFrameworks/MIL.framework/Versions/A/MIL
0x00007ff914da1000 	/usr/lib/libncurses.5.4.dylib
0x00007ff813575000 	/System/Library/PrivateFrameworks/CoreEmoji.framework/Versions/A/CoreEmoji
0x00007ff805ba5000 	/usr/lib/libCRFSuite.dylib
0x00007ff812229000 	/System/Library/PrivateFrameworks/CoreNLP.framework/Versions/A/CoreNLP
0x00007ff8138d1000 	/usr/lib/libmecab.dylib
0x00007ff8148ce000 	/usr/lib/libThaiTokenizer.dylib
0x00007ff8178a7000 	/System/Library/PrivateFrameworks/DataDetectorsCore.framework/Versions/A/DataDetectorsCore
0x00007ffb11ed2000 	/System/Library/Frameworks/DataDetection.framework/Versions/A/DataDetection
0x00007ff91380f000 	/System/Library/PrivateFrameworks/TextInput.framework/Versions/A/TextInput
0x00007ffa15687000 	/System/Library/PrivateFrameworks/HIDDisplay.framework/Versions/A/HIDDisplay
0x00007ff81906d000 	/usr/lib/libcups.2.dylib
0x00007ff819106000 	/System/Library/Frameworks/Kerberos.framework/Versions/A/Kerberos
0x00007ff818d6a000 	/usr/lib/libresolv.9.dylib
0x00007ff8166c8000 	/System/Library/PrivateFrameworks/Heimdal.framework/Versions/A/Heimdal
0x00007ff821f1c000 	/System/Library/Frameworks/Kerberos.framework/Versions/A/Libraries/libHeimdalProxy.dylib
0x00007ff81915e000 	/System/Library/PrivateFrameworks/CommonAuth.framework/Versions/A/CommonAuth
0x00007ff908950000 	/System/Library/PrivateFrameworks/AXCoreUtilities.framework/Versions/A/AXCoreUtilities
0x00007ff9186f4000 	/System/Library/PrivateFrameworks/AttributeGraph.framework/Versions/A/AttributeGraph
0x00007ffe0676d000 	/usr/lib/libAXSafeCategoryBundle.dylib
0x00007ff81338a000 	/System/Library/Frameworks/Accelerate.framework/Versions/A/Frameworks/vecLib.framework/Versions/A/libvDSP.dylib
0x00007ff814a2b000 	/System/Library/Frameworks/Accelerate.framework/Versions/A/Frameworks/vecLib.framework/Versions/A/libLAPACK.dylib
0x00007ff81392f000 	/System/Library/Frameworks/Accelerate.framework/Versions/A/Frameworks/vecLib.framework/Versions/A/libLinearAlgebra.dylib
0x00007ff814912000 	/System/Library/Frameworks/Accelerate.framework/Versions/A/Frameworks/vecLib.framework/Versions/A/libSparseBLAS.dylib
0x00007ff814a25000 	/System/Library/Frameworks/Accelerate.framework/Versions/A/Frameworks/vecLib.framework/Versions/A/libQuadrature.dylib
0x00007ff812340000 	/System/Library/Frameworks/Accelerate.framework/Versions/A/Frameworks/vecLib.framework/Versions/A/libBNNS.dylib
0x00007ff805948000 	/System/Library/Frameworks/Accelerate.framework/Versions/A/Frameworks/vecLib.framework/Versions/A/libSparse.dylib
0x00007ffb11a6e000 	/System/Library/Frameworks/CoreTransferable.framework/Versions/A/CoreTransferable
0x00007ff8190d0000 	/System/Library/PrivateFrameworks/NetAuth.framework/Versions/A/NetAuth
0x00007ff80f2fd000 	/System/Library/PrivateFrameworks/login.framework/Versions/A/Frameworks/loginsupport.framework/Versions/A/loginsupport
0x00007ff80a288000 	/System/Library/PrivateFrameworks/UIFoundation.framework/Versions/A/UIFoundation
0x00007ff81389f000 	/usr/lib/libCheckFix.dylib
0x00007ff80e21f000 	/System/Library/PrivateFrameworks/MetadataUtilities.framework/Versions/A/MetadataUtilities
0x00007ffc19099000 	/System/Library/PrivateFrameworks/InstalledContentLibrary.framework/Versions/A/InstalledContentLibrary
0x00007ff808916000 	/System/Library/PrivateFrameworks/CoreServicesStore.framework/Versions/A/CoreServicesStore
0x00007ff80f15a000 	/usr/lib/libapp_launch_measurement.dylib
0x00007ffa0307a000 	/System/Library/PrivateFrameworks/MobileSystemServices.framework/Versions/A/MobileSystemServices
0x00007ff815f87000 	/usr/lib/libxslt.1.dylib
0x00007ff813862000 	/System/Library/PrivateFrameworks/BackgroundTaskManagement.framework/Versions/A/BackgroundTaskManagement
0x00007ff82169c000 	/usr/lib/libcurl.4.dylib
0x00007ffe0708d000 	/usr/lib/libcrypto.46.dylib
0x00007ffe07cb0000 	/usr/lib/libssl.48.dylib
0x00007ff82137c000 	/System/Library/Frameworks/LDAP.framework/Versions/A/LDAP
0x00007ff8213b7000 	/System/Library/PrivateFrameworks/TrustEvaluationAgent.framework/Versions/A/TrustEvaluationAgent
0x00007ff818d87000 	/usr/lib/libsasl2.2.dylib
0x00007ff8246d0000 	/System/Library/Frameworks/Cocoa.framework/Versions/A/Cocoa
0x00007ff808a8e000 	/System/Library/Frameworks/AppKit.framework/Versions/C/AppKit
0x00007ffc04e89000 	/System/Library/PrivateFrameworks/CollectionViewCore.framework/Versions/A/CollectionViewCore
0x00007ff811876000 	/System/Library/PrivateFrameworks/XCTTargetBootstrap.framework/Versions/A/XCTTargetBootstrap
0x00007ff8178f0000 	/System/Library/PrivateFrameworks/UserActivity.framework/Versions/A/UserActivity
0x00007ffc0d00b000 	/System/Library/PrivateFrameworks/FrontBoard.framework/Versions/A/FrontBoard
0x00007ffd19ef5000 	/System/Library/PrivateFrameworks/UIIntelligenceSupport.framework/Versions/A/UIIntelligenceSupport
0x00007ffb1a676000 	/System/Library/Frameworks/SwiftUICore.framework/Versions/A/SwiftUICore
0x00007ffd1fe1c000 	/System/Library/PrivateFrameworks/WritingTools.framework/Versions/A/WritingTools
0x00007ffd1edac000 	/System/Library/PrivateFrameworks/WindowManagement.framework/Versions/A/WindowManagement
0x00007ffc0cd64000 	/System/Library/PrivateFrameworks/FocusEngine.framework/Versions/A/FocusEngine
0x00007ffc0acc0000 	/System/Library/PrivateFrameworks/DesignLibrary.framework/Versions/A/DesignLibrary
0x00007ff811863000 	/System/Library/PrivateFrameworks/DFRFoundation.framework/Versions/A/DFRFoundation
0x00007ffd1aa05000 	/System/Library/PrivateFrameworks/UpdateCycle.framework/Versions/A/UpdateCycle
0x00007ff811584000 	/System/Library/Frameworks/Carbon.framework/Versions/A/Frameworks/HIToolbox.framework/Versions/A/HIToolbox
0x00007ff81cdc9000 	/System/Library/Frameworks/Carbon.framework/Versions/A/Frameworks/SpeechRecognition.framework/Versions/A/SpeechRecognition
0x00007ff80f0f2000 	/System/Library/PrivateFrameworks/PerformanceAnalysis.framework/Versions/A/PerformanceAnalysis
0x00007ff81d15c000 	/System/Library/Frameworks/Accessibility.framework/Versions/A/Accessibility
0x00007ffb1b56c000 	/System/Library/Frameworks/Symbols.framework/Versions/A/Symbols
0x00007ffc15b9b000 	/System/Library/PrivateFrameworks/Gestures.framework/Versions/A/Gestures
0x00007ff90ca2b000 	/usr/lib/swift/libswiftCoreGraphics.dylib
0x00007ff81db6b000 	/usr/lib/swift/libswiftFoundation.dylib
0x00007ffb051f7000 	/usr/lib/swift/libswiftSwiftOnoneSupport.dylib
0x00007ffe0831b000 	/usr/lib/swift/libswiftsys_time.dylib
0x00007ffa112ab000 	/System/Library/PrivateFrameworks/CoreMaterial.framework/Versions/A/CoreMaterial
0x00007ffe08059000 	/usr/lib/swift/libswiftSpatial.dylib
0x00007ffe06cf4000 	/usr/lib/libSpatial.dylib
0x00007ffe06684000 	/System/Library/SubFrameworks/UIUtilities.framework/Versions/A/UIUtilities
0x00000001056aa000 	/Users/config/jdk-17.0.19.jdk/lib/server/libjvm.dylib
0x00000001045d6000 	/Users/config/jdk-17.0.19.jdk/lib/libjimage.dylib
0x000000010460e000 	/Users/config/jdk-17.0.19.jdk/lib/libjava.dylib
0x00000001050ab000 	/Users/config/jdk-17.0.19.jdk/lib/libnio.dylib
0x00000001050db000 	/Users/config/jdk-17.0.19.jdk/lib/libnet.dylib
0x0000000105096000 	/Users/config/jdk-17.0.19.jdk/lib/libzip.dylib
0x00000001050f7000 	/Users/gogym/.openjfx/cache/21.0.2+5/x86_64/libprism_es2.dylib
0x00007ff90e3a3000 	/System/Library/Frameworks/Carbon.framework/Versions/A/Carbon
0x00007ff9044ac000 	/System/Library/Frameworks/Carbon.framework/Versions/A/Frameworks/CommonPanels.framework/Versions/A/CommonPanels
0x00007ff821689000 	/System/Library/Frameworks/Carbon.framework/Versions/A/Frameworks/Help.framework/Versions/A/Help
0x00007ff9044b0000 	/System/Library/Frameworks/Carbon.framework/Versions/A/Frameworks/ImageCapture.framework/Versions/A/ImageCapture
0x00007ff90448d000 	/System/Library/Frameworks/Carbon.framework/Versions/A/Frameworks/OpenScripting.framework/Versions/A/OpenScripting
0x00007ff9044ab000 	/System/Library/Frameworks/Carbon.framework/Versions/A/Frameworks/Ink.framework/Versions/A/Ink
0x00007ff9044a8000 	/System/Library/Frameworks/Carbon.framework/Versions/A/Frameworks/SecurityHI.framework/Versions/A/SecurityHI
0x00007ffe06b6f000 	/usr/lib/libInterpreterSecurity.dylib
0x00007ffa04d1b000 	/System/Library/PrivateFrameworks/XprotectFramework.framework/Versions/A/XprotectFramework
0x00007ff907de8000 	/System/Library/PrivateFrameworks/yara.framework/Versions/A/yara
0x00007ffe06b5d000 	/usr/lib/libEndpointSecuritySystem.dylib
0x00007ffb0d97b000 	/System/Library/Frameworks/OpenGL.framework/Versions/A/Resources/GLEngine.bundle/GLEngine
0x00007ffb0d7ee000 	/System/Library/Frameworks/OpenGL.framework/Versions/A/Libraries/libGLProgrammability.dylib
0x00007ffb0adc8000 	/System/Library/Extensions/AppleIntelICLGraphicsGLDriver.bundle/Contents/MacOS/AppleIntelICLGraphicsGLDriver
0x00007ff91e845000 	/System/Library/PrivateFrameworks/GPUSupport.framework/Versions/A/Libraries/libGPUSupportMercury.dylib
0x00007ffb0daeb000 	/System/Library/Frameworks/OpenGL.framework/Versions/A/Resources/GLRendererFloat.bundle/GLRendererFloat
0x000000010eafa000 	/Users/gogym/.openjfx/cache/21.0.2+5/x86_64/libglass.dylib
0x00007ffb10a6e000 	/System/Library/Frameworks/AppIntents.framework/Versions/A/AppIntents
0x00007ffb19dd8000 	/System/Library/Frameworks/RelevanceKit.framework/Versions/A/RelevanceKit
0x00007ff8144fe000 	/System/Library/Frameworks/CoreSpotlight.framework/Versions/A/CoreSpotlight
0x00007ffc1cccb000 	/System/Library/PrivateFrameworks/LinkServices.framework/Versions/A/LinkServices
0x00007ffc0b5a1000 	/System/Library/PrivateFrameworks/DoNotDisturb.framework/Versions/A/DoNotDisturb
0x00007ffc1cb49000 	/System/Library/PrivateFrameworks/LinkMetadata.framework/Versions/A/LinkMetadata
0x00007ff90f943000 	/usr/lib/swift/libswiftIntents.dylib
0x00007ff914ef7000 	/System/Library/PrivateFrameworks/IntentsCore.framework/Versions/A/IntentsCore
0x00007ffb21af4000 	/System/Library/PrivateFrameworks/AvailabilityKit.framework/Versions/A/AvailabilityKit
0x00007ffb1ef40000 	/System/Library/PrivateFrameworks/AppIntentSchemas.framework/Versions/A/AppIntentSchemas
0x00007ffc12e7c000 	/System/Library/PrivateFrameworks/GRDBInternal.framework/Versions/A/GRDBInternal
0x00007ffd14580000 	/System/Library/PrivateFrameworks/StatusKit.framework/Versions/A/StatusKit
0x00007ff81ea52000 	/System/Library/PrivateFrameworks/GenerationalStorage.framework/Versions/A/GenerationalStorage
0x00007ff81e877000 	/System/Library/Frameworks/FileProvider.framework/Versions/A/FileProvider
0x00007ff80a484000 	/System/Library/PrivateFrameworks/DesktopServicesPriv.framework/Versions/A/DesktopServicesPriv
0x00007ff80ca03000 	/System/Library/Frameworks/Accounts.framework/Versions/A/Accounts
0x00007ff90f3e9000 	/System/Library/PrivateFrameworks/FTServices.framework/Versions/A/FTServices
0x00007ff907a9e000 	/System/Library/PrivateFrameworks/CloudServices.framework/Versions/A/CloudServices
0x00007ff820eed000 	/System/Library/PrivateFrameworks/CoreWiFi.framework/Versions/A/CoreWiFi
0x00007ff810ae8000 	/System/Library/Frameworks/CoreLocation.framework/Versions/A/CoreLocation
0x00007ff820819000 	/System/Library/Frameworks/Intents.framework/Versions/A/Intents
0x00007ffb1c31a000 	/System/Library/Frameworks/_LocationEssentials.framework/Versions/A/_LocationEssentials
0x00007ff8144b0000 	/System/Library/Frameworks/UserNotifications.framework/Versions/A/UserNotifications
0x00007ff8141df000 	/System/Library/PrivateFrameworks/AuthKit.framework/Versions/A/AuthKit
0x00007ff81a68f000 	/System/Library/PrivateFrameworks/Sharing.framework/Versions/A/Sharing
0x00007ff81a201000 	/System/Library/PrivateFrameworks/IDSFoundation.framework/Versions/A/IDSFoundation
0x00007ff820eec000 	/System/Library/PrivateFrameworks/Apple80211.framework/Versions/A/Apple80211
0x00007ff8135bb000 	/System/Library/Frameworks/CoreWLAN.framework/Versions/A/CoreWLAN
0x00007ff91641d000 	/usr/lib/swift/libswiftCoreLocation.dylib
0x00007ff8189a6000 	/System/Library/PrivateFrameworks/IMFoundation.framework/Versions/A/IMFoundation
0x00007ff907de7000 	/System/Library/PrivateFrameworks/Marco.framework/Versions/A/Marco
0x00007ff80ca90000 	/System/Library/PrivateFrameworks/CommonUtilities.framework/Versions/A/CommonUtilities
0x00007ff904476000 	/System/Library/PrivateFrameworks/Engram.framework/Versions/A/Engram
0x00007ffe07fba000 	/usr/lib/swift/libswiftRegexBuilder.dylib
0x00007ff904418000 	/usr/lib/libtidy.A.dylib
0x00007ff8169a0000 	/System/Library/PrivateFrameworks/Bom.framework/Versions/A/Bom
0x00007ff818da7000 	/usr/lib/libParallelCompression.dylib
0x00007ffa1cd96000 	/System/Library/PrivateFrameworks/WiFiPeerToPeer.framework/Versions/A/WiFiPeerToPeer
0x00007ffe077c0000 	/usr/lib/libmrc.dylib
0x00007ffc18740000 	/System/Library/PrivateFrameworks/IPConfiguration.framework/Versions/A/IPConfiguration
0x00007ffa11270000 	/System/Library/PrivateFrameworks/Netrb.framework/Versions/A/Netrb
0x00007ff818d9a000 	/System/Library/PrivateFrameworks/MultiverseSupport.framework/Versions/A/MultiverseSupport
0x00007ff81e3a1000 	/System/Library/PrivateFrameworks/DiskManagement.framework/Versions/A/DiskManagement
0x00007ff81e2bb000 	/System/Library/PrivateFrameworks/AppleIDAuthSupport.framework/Versions/A/AppleIDAuthSupport
0x00007ffb1c9b8000 	/System/Library/PrivateFrameworks/AAAFoundation.framework/Versions/A/AAAFoundation
0x00007ff81929f000 	/System/Library/PrivateFrameworks/KeychainCircle.framework/Versions/A/KeychainCircle
0x00007ff908947000 	/System/Library/PrivateFrameworks/URLFormatting.framework/Versions/A/URLFormatting
0x00007ff821691000 	/usr/lib/libcsfde.dylib
0x00007ff816368000 	/usr/lib/libCoreStorage.dylib
0x00007ff81aaf7000 	/System/Library/PrivateFrameworks/ProtectedCloudStorage.framework/Versions/A/ProtectedCloudStorage
0x00007ff82168d000 	/System/Library/PrivateFrameworks/EFILogin.framework/Versions/A/EFILogin
0x00007ff81ea7c000 	/System/Library/PrivateFrameworks/OctagonTrust.framework/Versions/A/OctagonTrust
0x00007ff81ad75000 	/System/Library/PrivateFrameworks/GeoServices.framework/Versions/A/GeoServices
0x00007ff818a19000 	/System/Library/PrivateFrameworks/LocationSupport.framework/Versions/A/LocationSupport
0x00007ffc159cb000 	/System/Library/PrivateFrameworks/GeoServicesCore.framework/Versions/A/GeoServicesCore
0x00007ff908946000 	/System/Library/PrivateFrameworks/PhoneNumbers.framework/Versions/A/PhoneNumbers
0x00007ffc1d05f000 	/System/Library/PrivateFrameworks/LocationLogEncryption.framework/Versions/A/LocationLogEncryption
0x00007ff81a01b000 	/System/Library/PrivateFrameworks/IDS.framework/Versions/A/IDS
0x00007ffa180b3000 	/System/Library/Frameworks/CryptoKit.framework/Versions/A/CryptoKit
0x00007ff821f18000 	/System/Library/PrivateFrameworks/CryptoKitCBridging.framework/Versions/A/CryptoKitCBridging
0x00007ff81f5fd000 	/System/Library/Frameworks/CryptoTokenKit.framework/Versions/A/CryptoTokenKit
0x00007ff91e380000 	/System/Library/PrivateFrameworks/FTAWD.framework/Versions/A/FTAWD
0x00007ff808a34000 	/usr/lib/libsandbox.1.dylib
0x00007ff816360000 	/usr/lib/libMatch.1.dylib
0x00007ff821fd5000 	/System/Library/PrivateFrameworks/IntentsFoundation.framework/Versions/A/IntentsFoundation
0x00007ff80efcc000 	/System/Library/PrivateFrameworks/ViewBridge.framework/Versions/A/ViewBridge
0x00007ffb1c252000 	/System/Library/Frameworks/_AppIntents_AppKit.framework/Versions/A/_AppIntents_AppKit
0x00007ff9163fd000 	/System/Library/Frameworks/Accelerate.framework/Versions/A/Frameworks/vImage.framework/Versions/A/Libraries/libCGInterfaces.dylib
0x000000010eade000 	/usr/lib/libobjc-trampolines.dylib
0x00007ffe06771000 	/usr/lib/libAccessibilityBaseImplementations.dylib
0x00007ffd1fe21000 	/System/Library/PrivateFrameworks/WritingToolsUI.framework/Versions/A/WritingToolsUI
0x00007ffc15488000 	/System/Library/PrivateFrameworks/GenerativeAssistantSettings.framework/Versions/A/GenerativeAssistantSettings
0x00007ffd160b9000 	/System/Library/PrivateFrameworks/TextComposer.framework/Versions/A/TextComposer
0x00007ffc15464000 	/System/Library/PrivateFrameworks/GenerativeAssistantCommon.framework/Versions/A/GenerativeAssistantCommon
0x00007ff91748b000 	/System/Library/Frameworks/SwiftUI.framework/Versions/A/SwiftUI
0x00007ffb1c283000 	/System/Library/Frameworks/_AuthenticationServices_SwiftUI.framework/Versions/A/_AuthenticationServices_SwiftUI
0x00007ffb1ecce000 	/System/Library/PrivateFrameworks/Anvil.framework/Versions/A/Anvil
0x00007ff916a3f000 	/System/Library/PrivateFrameworks/AppStoreDaemon.framework/Versions/A/AppStoreDaemon
0x00007ff902046000 	/System/Library/PrivateFrameworks/AppleMediaServices.framework/Versions/A/AppleMediaServices
0x00007ffc1585e000 	/System/Library/PrivateFrameworks/GenerativePartnerServiceUI.framework/Versions/A/GenerativePartnerServiceUI
0x00007ffb04834000 	/System/Library/PrivateFrameworks/JetEngine.framework/Versions/A/JetEngine
0x00007ffc15840000 	/System/Library/PrivateFrameworks/GenerativePartnerService.framework/Versions/A/GenerativePartnerService
0x00007ff90f580000 	/System/Library/Frameworks/SafariServices.framework/Versions/A/SafariServices
0x00007ff90cb05000 	/System/Library/Frameworks/WebKit.framework/Versions/A/WebKit
0x00007ff912c98000 	/System/Library/PrivateFrameworks/AppleMediaServicesUI.framework/Versions/A/AppleMediaServicesUI
0x00007ff91030d000 	/System/Library/PrivateFrameworks/OnBoardingKit.framework/Versions/A/OnBoardingKit
0x00007ffd0cc09000 	/System/Library/PrivateFrameworks/Settings.framework/Versions/A/Settings
0x00007ffb12125000 	/System/Library/Frameworks/ExtensionKit.framework/Versions/A/ExtensionKit
0x00007ffb12163000 	/System/Library/Frameworks/FSKit.framework/Versions/A/FSKit
0x00007ffc1ce4a000 	/System/Library/PrivateFrameworks/LiveFS.framework/Versions/A/LiveFS
0x00007ffd15faa000 	/System/Library/PrivateFrameworks/TextAnimationSupport.framework/Versions/A/TextAnimationSupport
0x00007ffd0a515000 	/System/Library/PrivateFrameworks/RecapPerformanceTesting.framework/Versions/A/RecapPerformanceTesting
0x00007ff9102ff000 	/System/Library/PrivateFrameworks/SignpostCollection.framework/Versions/A/SignpostCollection
0x00007ff824086000 	/System/Library/Frameworks/WebKit.framework/Versions/A/Frameworks/WebKitLegacy.framework/Versions/A/WebKitLegacy
0x00007ff821d21000 	/System/Library/PrivateFrameworks/CorePrediction.framework/Versions/A/CorePrediction
0x00007ff80fdff000 	/System/Library/Frameworks/WebKit.framework/Versions/A/Frameworks/WebCore.framework/Versions/A/Frameworks/libwebrtc.dylib
0x00007ff90ca91000 	/System/Library/PrivateFrameworks/SafariSafeBrowsing.framework/Versions/A/SafariSafeBrowsing
0x00007ff818e13000 	/System/Library/Frameworks/SecurityInterface.framework/Versions/A/SecurityInterface
0x00007ff91030c000 	/System/Library/PrivateFrameworks/WebInspectorUI.framework/Versions/A/WebInspectorUI
0x00007ff9044b2000 	/System/Library/Frameworks/JavaScriptCore.framework/Versions/A/JavaScriptCore
0x00007ff908a65000 	/System/Library/Frameworks/WebKit.framework/Versions/A/Frameworks/WebCore.framework/Versions/A/WebCore
0x00007ffb11482000 	/System/Library/Frameworks/BrowserEngineCore.framework/Versions/A/BrowserEngineCore
0x00007ffb1be4d000 	/System/Library/Frameworks/WebKit.framework/Versions/A/Frameworks/WebCore.framework/Versions/A/Frameworks/libANGLE-shared.dylib
0x00007ffd1e874000 	/System/Library/PrivateFrameworks/WebGPU.framework/Versions/A/WebGPU
0x00007ff9122aa000 	/System/Library/Frameworks/SceneKit.framework/Versions/A/SceneKit
0x00007ffa03921000 	/System/Library/Frameworks/ModelIO.framework/Versions/A/ModelIO
0x00007ff81abe7000 	/System/Library/Frameworks/MetalKit.framework/Versions/A/MetalKit
0x00007ff81d0df000 	/System/Library/Frameworks/GLKit.framework/Versions/A/GLKit
0x00007ffe085cf000 	/usr/lib/usd/libusd_ms.dylib
0x00007ffd1a162000 	/System/Library/PrivateFrameworks/USDLib_FormatLoaderProxy.framework/Versions/A/USDLib_FormatLoaderProxy
0x00007ffe08316000 	/usr/lib/swift/libswift_errno.dylib
0x00007ff90f3c9000 	/System/Library/PrivateFrameworks/CoreOptimization.framework/Versions/A/CoreOptimization
0x00007ffb219c3000 	/System/Library/PrivateFrameworks/AuthenticationServicesCore.framework/Versions/A/AuthenticationServicesCore
0x00007ff919b81000 	/System/Library/Frameworks/AuthenticationServices.framework/Versions/A/AuthenticationServices
0x00007ff8162f9000 	/System/Library/PrivateFrameworks/SharedWebCredentials.framework/Versions/A/SharedWebCredentials
0x00007ff911270000 	/System/Library/PrivateFrameworks/SafariCore.framework/Versions/A/SafariCore
0x00007ff919668000 	/System/Library/PrivateFrameworks/SafariFoundation.framework/Versions/A/SafariFoundation
0x00007ff81de07000 	/System/Library/Frameworks/Contacts.framework/Versions/A/Contacts
0x00007ffc03023000 	/System/Library/PrivateFrameworks/CBORLibrary.framework/Versions/A/CBORLibrary
0x00007ffc03e52000 	/System/Library/PrivateFrameworks/Chirp.framework/Versions/A/Chirp
0x00007ffc0489a000 	/System/Library/PrivateFrameworks/CloudSubscriptionFeatures.framework/Versions/A/CloudSubscriptionFeatures
0x00007ff81db6c000 	/System/Library/PrivateFrameworks/ContactsFoundation.framework/Versions/A/ContactsFoundation
0x00007ffb05b5e000 	/System/Library/PrivateFrameworks/RemoteManagement.framework/Versions/A/RemoteManagement
0x00007ffd0a82d000 	/System/Library/PrivateFrameworks/RemoteManagementModel.framework/Versions/A/RemoteManagementModel
0x00007ffd0a8bd000 	/System/Library/PrivateFrameworks/RemoteManagementStore.framework/Versions/A/RemoteManagementStore
0x00007ff81ac04000 	/usr/lib/libxcselect.dylib
0x00007ff9195d2000 	/System/Library/PrivateFrameworks/DifferentialPrivacy.framework/Versions/A/DifferentialPrivacy
0x00007ffc1f864000 	/System/Library/PrivateFrameworks/ManagedSettingsObjC.framework/Versions/A/ManagedSettingsObjC
0x00007ffc1d063000 	/System/Library/PrivateFrameworks/LockdownMode.framework/Versions/A/LockdownMode
0x00007ffd1acbb000 	/System/Library/PrivateFrameworks/VDAF.framework/Versions/A/VDAF
0x00007ff81dc33000 	/System/Library/PrivateFrameworks/ContactsPersistence.framework/Versions/A/ContactsPersistence
0x00007ff81cdcd000 	/System/Library/PrivateFrameworks/AppleLDAP.framework/Versions/A/AppleLDAP
0x00007ff821a39000 	/System/Library/Frameworks/ClassKit.framework/Versions/A/ClassKit
0x00007ff823d7a000 	/System/Library/PrivateFrameworks/CoreSuggestions.framework/Versions/A/CoreSuggestions
0x00007ff81f5b3000 	/System/Library/PrivateFrameworks/vCard.framework/Versions/A/vCard
0x00007ffc053c6000 	/System/Library/PrivateFrameworks/ContactsMetrics.framework/Versions/A/ContactsMetrics
0x00007ff816774000 	/System/Library/PrivateFrameworks/login.framework/Versions/A/login
0x00007ffc1f85f000 	/System/Library/PrivateFrameworks/ManagedOrganizationContacts.framework/Versions/A/ManagedOrganizationContacts
0x00007ff80f76a000 	/System/Library/PrivateFrameworks/CloudDocs.framework/Versions/A/CloudDocs
0x00007ff90830c000 	/System/Library/PrivateFrameworks/ProactiveEventTracker.framework/Versions/A/ProactiveEventTracker
0x00007ff818e4b000 	/System/Library/PrivateFrameworks/CoreFollowUp.framework/Versions/A/CoreFollowUp
0x00007ff8231ca000 	/System/Library/PrivateFrameworks/ConfigurationProfiles.framework/Versions/A/ConfigurationProfiles
0x00007ffc0a8dc000 	/System/Library/PrivateFrameworks/DMCUtilities.framework/Versions/A/DMCUtilities
0x00007ffc1d0da000 	/System/Library/PrivateFrameworks/MDMClientLibrary.framework/Versions/A/MDMClientLibrary
0x00007ffd0a8b2000 	/System/Library/PrivateFrameworks/RemoteManagementProtocol.framework/Versions/A/RemoteManagementProtocol
0x00007ff81d4ba000 	/System/Library/PrivateFrameworks/SystemAdministration.framework/Versions/A/SystemAdministration
0x00007ff906285000 	/System/Library/PrivateFrameworks/PowerlogControl.framework/Versions/A/PowerlogControl
0x00007ff906287000 	/usr/lib/libUniversalAccess.dylib
0x00007ff902989000 	/System/Library/PrivateFrameworks/FamilyControls.framework/Versions/A/FamilyControls
0x00007ff81cda5000 	/System/Library/Frameworks/DirectoryService.framework/Versions/A/DirectoryService
0x00007ff821720000 	/System/Library/PrivateFrameworks/LoginUIKit.framework/Versions/A/Frameworks/LoginUICore.framework/Versions/A/LoginUICore
0x00007ff81699f000 	/usr/lib/libodfde.dylib
0x00007ff902984000 	/System/Library/PrivateFrameworks/UniversalAccess.framework/Versions/A/Libraries/libUAPreferences.dylib
0x00007ff9029ac000 	/System/Library/PrivateFrameworks/CommerceKit.framework/Versions/A/Frameworks/CommerceCore.framework/Versions/A/CommerceCore
0x00007ffc0a852000 	/System/Library/PrivateFrameworks/DEPClientLibrary.framework/Versions/A/DEPClientLibrary
0x00007ffc0a877000 	/System/Library/PrivateFrameworks/DMCEnrollmentLibrary.framework/Versions/A/DMCEnrollmentLibrary
0x00007ff906366000 	/System/Library/PrivateFrameworks/SetupAssistantFramework.framework/Versions/A/SetupAssistantFramework
0x00007ff821d77000 	/System/Library/PrivateFrameworks/AuthKitUI.framework/Versions/A/AuthKitUI
0x00007ff821765000 	/System/Library/PrivateFrameworks/AppSSO.framework/Versions/A/AppSSO
0x00007ff9167ad000 	/System/Library/PrivateFrameworks/LocalAuthenticationUI.framework/Versions/A/LocalAuthenticationUI
0x00007ffd087f4000 	/System/Library/PrivateFrameworks/PlatformSSO.framework/Versions/A/PlatformSSO
0x00007ffd088f5000 	/System/Library/PrivateFrameworks/PlatformSSOCore.framework/Versions/A/PlatformSSOCore
0x00007ffb131bf000 	/System/Library/Frameworks/LocalAuthenticationEmbeddedUI.framework/Versions/A/LocalAuthenticationEmbeddedUI
0x00007ff917260000 	/System/Library/PrivateFrameworks/AOSUI.framework/Versions/A/AOSUI
0x00007ff9080ef000 	/System/Library/Frameworks/ContactsUI.framework/Versions/A/ContactsUI
0x00007ff81e080000 	/System/Library/PrivateFrameworks/FamilyCircle.framework/Versions/A/FamilyCircle
0x00007ffa0513d000 	/System/Library/Frameworks/LinkPresentation.framework/Versions/A/LinkPresentation
0x00007ff907cdc000 	/System/Library/PrivateFrameworks/IASUtilities.framework/Versions/A/IASUtilities
0x00007ffc18630000 	/System/Library/PrivateFrameworks/IASUtilitiesCore.framework/Versions/A/IASUtilitiesCore
0x00007ffd0a923000 	/System/Library/PrivateFrameworks/RemoteUI.framework/Versions/A/RemoteUI
0x00007ffc1c602000 	/System/Library/PrivateFrameworks/LiftUI.framework/Versions/A/LiftUI
0x00007ffd207e9000 	/System/Library/PrivateFrameworks/_IconServices_SwiftUI.framework/Versions/A/_IconServices_SwiftUI
0x00007ffc047e6000 	/System/Library/PrivateFrameworks/CloudSettings.framework/Versions/A/CloudSettings
0x00007ff823e48000 	/System/Library/Frameworks/EventKit.framework/Versions/A/EventKit
0x00007ff910518000 	/System/Library/PrivateFrameworks/SearchFoundation.framework/Versions/A/SearchFoundation
0x00007ffa071f9000 	/System/Library/PrivateFrameworks/Email.framework/Versions/A/Email
0x00007ff90efd6000 	/System/Library/PrivateFrameworks/CoreRoutine.framework/Versions/A/CoreRoutine
0x00007ffb05517000 	/System/Library/PrivateFrameworks/VoiceShortcutClient.framework/Versions/A/VoiceShortcutClient
0x00007ff91eee7000 	/System/Library/PrivateFrameworks/Categories.framework/Versions/A/Categories
0x00007ff917121000 	/System/Library/PrivateFrameworks/ChronoServices.framework/Versions/A/ChronoServices
0x00007ffc03973000 	/System/Library/PrivateFrameworks/CalendarDatabase.framework/Versions/A/CalendarDatabase
0x00007ffc038bc000 	/System/Library/PrivateFrameworks/CalendarDaemon.framework/Versions/A/CalendarDaemon
0x00007ff82312d000 	/System/Library/PrivateFrameworks/CalendarFoundation.framework/Versions/A/CalendarFoundation
0x00007ff8230e8000 	/System/Library/PrivateFrameworks/iCalendar.framework/Versions/A/iCalendar
0x00007ffc0aacd000 	/System/Library/PrivateFrameworks/DataAccessExpress.framework/Versions/A/DataAccessExpress
0x00007ff90823e000 	/System/Library/PrivateFrameworks/ContactsAutocomplete.framework/Versions/A/ContactsAutocomplete
0x00007ffe08124000 	/usr/lib/swift/libswiftVideoToolbox.dylib
0x00007ff91706a000 	/System/Library/PrivateFrameworks/FTClientServices.framework/Versions/A/FTClientServices
0x00007ffd05213000 	/System/Library/PrivateFrameworks/OSEligibility.framework/Versions/A/OSEligibility
0x00007ffd14aca000 	/System/Library/PrivateFrameworks/StorageContainersPrivate.framework/Versions/A/StorageContainersPrivate
0x00007ffe07f73000 	/usr/lib/swift/libswiftCoreMediaIO.dylib
0x00007ff907b5c000 	/System/Library/PrivateFrameworks/CoreDAV.framework/Versions/A/CoreDAV
0x00007ff823d19000 	/System/Library/PrivateFrameworks/CalDAV.framework/Versions/A/CalDAV
0x00007ff90c79b000 	/System/Library/PrivateFrameworks/TelephonyUtilities.framework/Versions/A/TelephonyUtilities
0x00007ffb13184000 	/System/Library/Frameworks/LiveCommunicationKit.framework/Versions/A/LiveCommunicationKit
0x00007ffc04fe4000 	/System/Library/PrivateFrameworks/CommunicationTrust.framework/Versions/A/CommunicationTrust
0x00007ff91108d000 	/System/Library/Frameworks/CallKit.framework/Versions/A/CallKit
0x00007ff81e079000 	/System/Library/PrivateFrameworks/CommunicationsFilter.framework/Versions/A/CommunicationsFilter
0x00007ffa1af75000 	/System/Library/PrivateFrameworks/IMTransferServices.framework/Versions/A/IMTransferServices
0x00007ff90f3e3000 	/System/Library/PrivateFrameworks/IncomingCallFilter.framework/Versions/A/IncomingCallFilter
0x00007ffd03962000 	/System/Library/PrivateFrameworks/NeighborhoodActivityConduit.framework/Versions/A/NeighborhoodActivityConduit
0x00007ff9135fe000 	/System/Library/PrivateFrameworks/CallHistory.framework/Versions/A/CallHistory
0x00007ffe069bd000 	/usr/lib/libBASupport.dylib
0x00007ffc03d2c000 	/System/Library/PrivateFrameworks/CallsUtilities.framework/Versions/A/CallsUtilities
0x00007ffc03d36000 	/System/Library/PrivateFrameworks/CallsXPC.framework/Versions/A/CallsXPC
0x00007ffb05c95000 	/usr/lib/swift/libswiftCallKit.dylib
0x00007ffc03d21000 	/System/Library/PrivateFrameworks/CallsPersistence.framework/Versions/A/CallsPersistence
0x00007ffb1a094000 	/System/Library/Frameworks/SensitiveContentAnalysis.framework/Versions/A/SensitiveContentAnalysis
0x00007ff91476f000 	/System/Library/PrivateFrameworks/PeopleSuggester.framework/Versions/A/PeopleSuggester
0x00007ff91dccb000 	/System/Library/PrivateFrameworks/SpotlightReceiver.framework/Versions/A/SpotlightReceiver
0x00007ffd207b5000 	/System/Library/PrivateFrameworks/_AppIntentsServices_AppIntents.framework/Versions/A/_AppIntentsServices_AppIntents
0x00007ffb1efa1000 	/System/Library/PrivateFrameworks/AppIntentsServices.framework/Versions/A/AppIntentsServices
0x00007ff8230d2000 	/System/Library/PrivateFrameworks/CoreRecents.framework/Versions/A/CoreRecents
0x00007ffb1278b000 	/System/Library/Frameworks/GeoToolbox.framework/Versions/A/GeoToolbox
0x00007ffb1c2ef000 	/System/Library/Frameworks/_GeoToolbox_AppIntents.framework/Versions/A/_GeoToolbox_AppIntents
0x00007ffa10d3e000 	/System/Library/PrivateFrameworks/DiagnosticRequest.framework/Versions/A/DiagnosticRequest
0x00007ffd20710000 	/System/Library/PrivateFrameworks/XPCDistributed.framework/Versions/A/XPCDistributed
0x00007ffd0a5a5000 	/System/Library/PrivateFrameworks/RegulatoryDomain.framework/Versions/A/RegulatoryDomain
0x00007ff81d1b9000 	/usr/lib/libCTGreenTeaLogger.dylib
0x00007ffc1d03d000 	/System/Library/PrivateFrameworks/LocalStatusKit.framework/Versions/A/LocalStatusKit
0x00007ff90c67f000 	/System/Library/PrivateFrameworks/CoreParsec.framework/Versions/A/CoreParsec
0x00007ffa071ed000 	/System/Library/PrivateFrameworks/EmailAddressing.framework/Versions/A/EmailAddressing
0x00007ffa0313e000 	/System/Library/PrivateFrameworks/EmailCore.framework/Versions/A/EmailCore
0x00007ffa04207000 	/System/Library/PrivateFrameworks/EmailFoundation.framework/Versions/A/EmailFoundation
0x00007ffd0667c000 	/System/Library/PrivateFrameworks/PegasusAPI.framework/Versions/A/PegasusAPI
0x00007ffd07006000 	/System/Library/PrivateFrameworks/PegasusConfiguration.framework/Versions/A/PegasusConfiguration
0x00007ffd18ada000 	/System/Library/PrivateFrameworks/ToolKit.framework/Versions/A/ToolKit
0x00007ffd0ac34000 	/System/Library/PrivateFrameworks/ReplicatorEngine.framework/Versions/A/ReplicatorEngine
0x00007ffd0ad99000 	/System/Library/PrivateFrameworks/ReplicatorServices.framework/Versions/A/ReplicatorServices
0x00007ffd15986000 	/System/Library/PrivateFrameworks/SystemWake.framework/Versions/A/SystemWake
0x00007ff911257000 	/System/Library/PrivateFrameworks/ContextKit.framework/Versions/A/ContextKit
0x00007ffc05514000 	/System/Library/PrivateFrameworks/ContextKitCore.framework/Versions/A/ContextKitCore
0x00007ff90f658000 	/System/Library/Frameworks/LocalAuthentication.framework/Support/DaemonUtils.framework/Versions/A/DaemonUtils
0x00007ffc1cfd9000 	/System/Library/PrivateFrameworks/LocalAuthenticationCoreUI.framework/Versions/A/LocalAuthenticationCoreUI
0x00007ff912c63000 	/System/Library/PrivateFrameworks/BridgeXPC.framework/Versions/A/BridgeXPC
0x00007ff9103de000 	/System/Library/PrivateFrameworks/CoreKDL.framework/Versions/A/CoreKDL
0x00007ff90e99e000 	/System/Library/PrivateFrameworks/EmbeddedOSSupportHost.framework/Versions/A/EmbeddedOSSupportHost
0x00007ff903446000 	/System/Library/PrivateFrameworks/LoginUIKit.framework/Versions/A/LoginUIKit
0x00007ff91f349000 	/System/Library/PrivateFrameworks/StorageKit.framework/Versions/A/StorageKit
0x00007ffb075f2000 	/System/Library/Frameworks/DeviceCheck.framework/Versions/A/DeviceCheck
0x00007ff91f3c2000 	/System/Library/PrivateFrameworks/CoreWLANKit.framework/Versions/A/CoreWLANKit
0x00007ffd1dd74000 	/System/Library/PrivateFrameworks/Wallpaper.framework/Versions/A/Wallpaper
0x00007ffe07f8a000 	/usr/lib/swift/libswiftGLKit.dylib
0x00007ffe07f95000 	/usr/lib/swift/libswiftMetalKit.dylib
0x00007ffe07f99000 	/usr/lib/swift/libswiftModelIO.dylib
0x00007ffe08056000 	/usr/lib/swift/libswiftSceneKit.dylib
0x00007ffc0b2cb000 	/System/Library/PrivateFrameworks/DiskImages2.framework/Versions/A/DiskImages2
0x00007ffa0806a000 	/System/Library/PrivateFrameworks/DynamicDesktop.framework/Versions/A/DynamicDesktop
0x00007ffd1dec2000 	/System/Library/PrivateFrameworks/WallpaperFoundation.framework/Versions/A/WallpaperFoundation
0x00007ffd1df0f000 	/System/Library/PrivateFrameworks/WallpaperTypes.framework/Versions/A/WallpaperTypes
0x00007ffa1cb33000 	/System/Library/PrivateFrameworks/SystemDesktopAppearance.framework/Versions/A/SystemDesktopAppearance
0x00007ffe041d5000 	/System/Library/PrivateFrameworks/icloudMCCKit.framework/Versions/A/icloudMCCKit
0x00007ffb1fe7d000 	/System/Library/PrivateFrameworks/AppleAccountUI.framework/Versions/A/AppleAccountUI
0x00007ffa11279000 	/System/Library/PrivateFrameworks/PreferencePanesSupport.framework/Versions/A/PreferencePanesSupport
0x00007ff917406000 	/System/Library/PrivateFrameworks/FindMyDeviceUI.framework/Versions/A/FindMyDeviceUI
0x00007ffd21427000 	/System/Library/PrivateFrameworks/iCloudQuotaUI.framework/Versions/A/iCloudQuotaUI
0x00007ffa11439000 	/System/Library/PrivateFrameworks/CoreCDPUI.framework/Versions/A/CoreCDPUI
0x00007ff910fce000 	/System/Library/PrivateFrameworks/CoreFollowUpUI.framework/Versions/A/CoreFollowUpUI
0x00007ff91df5c000 	/System/Library/PrivateFrameworks/IMCore.framework/Versions/A/IMCore
0x00007ff9062eb000 	/System/Library/PrivateFrameworks/CoreCDP.framework/Versions/A/CoreCDP
0x00007ff824710000 	/System/Library/PrivateFrameworks/AskPermission.framework/Versions/A/AskPermission
0x00007ff914e67000 	/System/Library/Frameworks/Quartz.framework/Versions/A/Quartz
0x00007ff921a61000 	/System/Library/PrivateFrameworks/CloudPhotoServicesConfiguration.framework/Versions/A/CloudPhotoServicesConfiguration
0x00007ff913422000 	/System/Library/PrivateFrameworks/CommerceKit.framework/Versions/A/CommerceKit
0x00007ffa03202000 	/System/Library/PrivateFrameworks/FindMyMac.framework/Versions/A/FindMyMac
0x00007ffa030e4000 	/System/Library/Frameworks/PreferencePanes.framework/Versions/A/PreferencePanes
0x00007ff91689a000 	/System/Library/Frameworks/AddressBook.framework/Versions/A/AddressBook
0x00007ff8234f6000 	/System/Library/PrivateFrameworks/AOSAccounts.framework/Versions/A/AOSAccounts
0x00007ff81d4b5000 	/System/Library/PrivateFrameworks/AppleSRP.framework/Versions/A/AppleSRP
0x00007ff821f2a000 	/System/Library/PrivateFrameworks/NetFSServer.framework/Versions/A/NetFSServer
0x00007ff912176000 	/System/Library/Frameworks/PDFKit.framework/Versions/A/PDFKit
0x00007ffb1b586000 	/System/Library/Frameworks/TabularData.framework/Versions/A/TabularData
0x00007ffe07fae000 	/usr/lib/swift/libswiftPassKit.dylib
0x00007ffa155ad000 	/System/Library/Frameworks/PassKit.framework/Versions/A/PassKit
0x00007ff90354a000 	/System/Library/PrivateFrameworks/PassKitCore.framework/Versions/A/PassKitCore
0x00007ffd060bc000 	/System/Library/PrivateFrameworks/PassKitMacHelperTemp.framework/Versions/A/PassKitMacHelperTemp
0x00007ffe068f1000 	/usr/lib/libAppleSSE.dylib
0x00007ff90f68b000 	/System/Library/PrivateFrameworks/BiometricKit.framework/Versions/A/BiometricKit
0x00007ffd0b373000 	/System/Library/PrivateFrameworks/SEService.framework/Versions/A/SEService
0x00007ffb1221c000 	/System/Library/Frameworks/FinanceKit.framework/Versions/A/FinanceKit
0x00007ff914f14000 	/System/Library/PrivateFrameworks/NearField.framework/Versions/A/NearField
0x00007ffe06c98000 	/usr/lib/libSESShared.dylib
0x00007ffd0b555000 	/System/Library/PrivateFrameworks/STSXPCHelperClient.framework/Versions/A/STSXPCHelperClient
0x00007ff916c86000 	/usr/lib/libnfshared.dylib
0x00007ffd1573a000 	/System/Library/PrivateFrameworks/Symptoms.framework/Versions/A/Frameworks/SymptomPresentationFeed.framework/Versions/A/SymptomPresentationFeed
0x00007ffb20977000 	/System/Library/PrivateFrameworks/AppleMediaServicesKitInternal.framework/Versions/A/AppleMediaServicesKitInternal
0x00007ffb215dc000 	/System/Library/PrivateFrameworks/AsyncAlgorithmsInternal.framework/Versions/A/AsyncAlgorithmsInternal
0x00007ffd15474000 	/System/Library/PrivateFrameworks/SymptomShared.framework/Versions/A/SymptomShared
0x00007ffa18300000 	/System/Library/PrivateFrameworks/PassKitUIFoundation.framework/Versions/A/PassKitUIFoundation
0x00007ff81cdde000 	/System/Library/Frameworks/MapKit.framework/Versions/A/MapKit
0x00007ffc158f0000 	/System/Library/PrivateFrameworks/GeoAnalytics.framework/Versions/A/GeoAnalytics
0x00007ff916cb4000 	/System/Library/PrivateFrameworks/Navigation.framework/Versions/A/Navigation
0x00007ff920912000 	/System/Library/PrivateFrameworks/VectorKit.framework/Versions/A/VectorKit
0x00007ff907d96000 	/System/Library/PrivateFrameworks/VirtualGarage.framework/Versions/A/VirtualGarage
0x00007ff916eaa000 	/System/Library/Frameworks/ExternalAccessory.framework/ExternalAccessory
0x00007ff916ec4000 	/System/Library/PrivateFrameworks/IAP.framework/Versions/A/IAP
0x00007ff81d0a9000 	/System/Library/PrivateFrameworks/IOPlatformPluginFamily.framework/Versions/A/IOPlatformPluginFamily
0x00007ffb21af7000 	/System/Library/PrivateFrameworks/AvatarKit.framework/Versions/A/AvatarKit
0x00007ffb21bc1000 	/System/Library/PrivateFrameworks/AvatarPersistence.framework/Versions/A/AvatarPersistence
0x00007ffb1b8b1000 	/System/Library/Frameworks/TipKit.framework/Versions/A/TipKit
0x00007ff903079000 	/System/Library/PrivateFrameworks/IMSharedUtilities.framework/Versions/A/IMSharedUtilities
0x00007ffe07f57000 	/usr/lib/swift/libswiftAppleArchive.dylib
0x00007ffd1adaf000 	/System/Library/PrivateFrameworks/VFX.framework/Versions/A/VFX
0x00007ffa132ba000 	/System/Library/PrivateFrameworks/AppleCVA.framework/Versions/A/AppleCVA
0x00007ffb21bc0000 	/System/Library/PrivateFrameworks/AvatarKitContent.framework/Versions/A/AvatarKitContent
0x00007ffb13f07000 	/System/Library/Frameworks/MetalFX.framework/Versions/A/MetalFX
0x00007ffc050d1000 	/System/Library/PrivateFrameworks/CompositorNonUI.framework/Versions/A/CompositorNonUI
0x00007ffb107d0000 	/System/Library/Frameworks/ARKit.framework/Versions/A/ARKit
0x00007ffb1daae000 	/System/Library/PrivateFrameworks/ARKitCore.framework/Versions/A/ARKitCore
0x00007ffe069ea000 	/usr/lib/libDisplayWarpSupport.dylib
0x00007ffc06838000 	/System/Library/PrivateFrameworks/CoreComposite.framework/Versions/A/CoreComposite
0x00007ffe06d84000 	/usr/lib/libchannel.dylib
0x00007ffe07bc3000 	/usr/lib/librealtime_safety.dylib
0x00007ffb1db3a000 	/System/Library/PrivateFrameworks/ARKitFoundation.framework/Versions/A/ARKitFoundation
0x00007ffb1ff0b000 	/System/Library/PrivateFrameworks/AppleDepth.framework/Versions/A/AppleDepth
0x00007ffb200ce000 	/System/Library/PrivateFrameworks/AppleDepthCore.framework/Versions/A/AppleDepthCore
0x00007ff81d1e6000 	/System/Library/PrivateFrameworks/CoreAppleCVA.framework/Versions/A/CoreAppleCVA
0x00007ff907ed8000 	/System/Library/PrivateFrameworks/ContactsUICore.framework/Versions/A/ContactsUICore
0x00007ff90f4e9000 	/System/Library/PrivateFrameworks/ContactsDonation.framework/Versions/A/ContactsDonation
0x00007ff90eda6000 	/System/Library/PrivateFrameworks/DataDetectors.framework/Versions/A/DataDetectors
0x00007ff823d07000 	/System/Library/Frameworks/MediaLibrary.framework/Versions/A/MediaLibrary
0x00007ff81e06a000 	/System/Library/PrivateFrameworks/PersonaKit.framework/Versions/A/PersonaKit
0x00007ff907ec7000 	/System/Library/PrivateFrameworks/PersonaUI.framework/Versions/A/PersonaUI
0x00007ffa02b01000 	/System/Library/PrivateFrameworks/Transparency.framework/Versions/A/Transparency
0x00007ffc0cac8000 	/System/Library/PrivateFrameworks/FindMyLocate.framework/Versions/A/FindMyLocate
0x00007ff910f4e000 	/System/Library/PrivateFrameworks/IntlPreferences.framework/Versions/A/IntlPreferences
0x00007ffc0c9c5000 	/System/Library/PrivateFrameworks/FindMyCommon.framework/Versions/A/FindMyCommon
0x00007ffc0c80c000 	/System/Library/PrivateFrameworks/FindMyBase.framework/Versions/A/FindMyBase
0x00007ffb18e20000 	/System/Library/Frameworks/NearbyInteraction.framework/Versions/A/NearbyInteraction
0x00007ff81dcaa000 	/System/Library/PrivateFrameworks/AddressBookCore.framework/Versions/A/AddressBookCore
0x00007ff916a1e000 	/System/Library/PrivateFrameworks/ToneKit.framework/Versions/A/ToneKit
0x00007ff910f94000 	/System/Library/PrivateFrameworks/ToneLibrary.framework/Versions/A/ToneLibrary
0x00007ffc0539c000 	/System/Library/PrivateFrameworks/ContactsAccounts.framework/Versions/A/ContactsAccounts
0x00007ff914d87000 	/System/Library/PrivateFrameworks/Lookup.framework/Versions/A/Lookup
0x00007ffb19644000 	/System/Library/Frameworks/QuickLookUI.framework/Versions/A/QuickLookUI
0x00007ffb1a014000 	/System/Library/Frameworks/ScreenCaptureKit.framework/Versions/A/ScreenCaptureKit
0x00007ff911ca8000 	/System/Library/Frameworks/Quartz.framework/Versions/A/Frameworks/QuartzComposer.framework/Versions/A/QuartzComposer
0x00007ff910f25000 	/System/Library/Frameworks/Quartz.framework/Versions/A/Frameworks/QuartzFilters.framework/Versions/A/QuartzFilters
0x00007ff90feb4000 	/System/Library/Frameworks/Quartz.framework/Versions/A/Frameworks/ImageKit.framework/Versions/A/ImageKit
0x00007ff90e3a2000 	/System/Library/PrivateFrameworks/CorePDF.framework/Versions/A/CorePDF
0x00007ff81ab84000 	/System/Library/Frameworks/QuickLook.framework/Versions/A/QuickLook
0x00007ff903441000 	/System/Library/PrivateFrameworks/DisplayServices.framework/Versions/A/DisplayServices
0x00007ff910ea3000 	/System/Library/Frameworks/ImageCaptureCore.framework/Versions/A/ImageCaptureCore
0x00007ffd1cd10000 	/System/Library/PrivateFrameworks/VisionKitCore.framework/Versions/A/VisionKitCore
0x00007ff90c650000 	/System/Library/PrivateFrameworks/QuickLookSupport.framework/Versions/A/QuickLookSupport
0x00007ffc20187000 	/System/Library/PrivateFrameworks/MediaAnalysisServices.framework/Versions/A/MediaAnalysisServices
0x00007ff913cc9000 	/System/Library/PrivateFrameworks/PhotoLibraryServices.framework/Versions/A/PhotoLibraryServices
0x00007ff910a95000 	/System/Library/Frameworks/Photos.framework/Versions/A/Photos
0x00007ffa0553c000 	/System/Library/PrivateFrameworks/PhotosFormats.framework/Versions/A/PhotosFormats
0x00007ff921a8a000 	/System/Library/PrivateFrameworks/CloudPhotoLibrary.framework/Versions/A/CloudPhotoLibrary
0x00007ffa0ad53000 	/System/Library/PrivateFrameworks/CloudPhotoServices.framework/Versions/A/CloudPhotoServices
0x00007ffa07356000 	/System/Library/PrivateFrameworks/CoreMediaStream.framework/Versions/A/CoreMediaStream
0x00007ff81eaad000 	/System/Library/PrivateFrameworks/CPAnalytics.framework/Versions/A/CPAnalytics
0x00007ffa03853000 	/System/Library/PrivateFrameworks/MediaConversionService.framework/Versions/A/MediaConversionService
0x00007ff903067000 	/System/Library/PrivateFrameworks/PhotoFoundation.framework/Versions/A/PhotoFoundation
0x00007ffd0758c000 	/System/Library/PrivateFrameworks/PhotoLibraryServicesCore.framework/Versions/A/PhotoLibraryServicesCore
0x00007ff91d6ca000 	/System/Library/PrivateFrameworks/MMCS.framework/Versions/A/MMCS
0x00007ff823b44000 	/System/Library/PrivateFrameworks/ChunkingLibrary.framework/Versions/A/ChunkingLibrary
0x00007ff81d485000 	/System/Library/PrivateFrameworks/AssetCacheServices.framework/Versions/A/AssetCacheServices
0x00007ff81f6ee000 	/System/Library/PrivateFrameworks/AVFoundationCF.framework/Versions/A/AVFoundationCF
0x00007ffa1ae6f000 	/usr/lib/swift/libswiftDemangle.dylib
0x00007ffc187fd000 	/System/Library/PrivateFrameworks/ImageCaptureDevices.framework/Versions/A/ImageCaptureDevices
0x00007ff90f069000 	/System/Library/PrivateFrameworks/MediaStream.framework/Versions/A/MediaStream
0x00007ffa03d47000 	/System/Library/PrivateFrameworks/NeutrinoCore.framework/Versions/A/NeutrinoCore
0x00007ff80c277000 	/System/Library/PrivateFrameworks/NLP.framework/Versions/A/NLP
0x00007ffa09ab5000 	/System/Library/PrivateFrameworks/PhotoImaging.framework/Versions/A/PhotoImaging
0x00007ffa0ad13000 	/System/Library/PrivateFrameworks/PhotosImagingFoundation.framework/Versions/A/PhotosImagingFoundation
0x00007ffd08143000 	/System/Library/PrivateFrameworks/PhotosIntelligenceCore.framework/Versions/A/PhotosIntelligenceCore
0x00007ff81fb4a000 	/System/Library/PrivateFrameworks/EmbeddedAcousticRecognition.framework/Versions/A/EmbeddedAcousticRecognition
0x00007ff918736000 	/System/Library/PrivateFrameworks/EmojiFoundation.framework/Versions/A/EmojiFoundation
0x00007ff921d0f000 	/System/Library/PrivateFrameworks/SDAPI.framework/Versions/A/SDAPI
0x00007ffa0ad61000 	/System/Library/PrivateFrameworks/AutoLoop.framework/Versions/A/AutoLoop
0x00007ffd08c39000 	/System/Library/PrivateFrameworks/Portrait.framework/Versions/A/Portrait
0x00007ffc0d0d6000 	/System/Library/PrivateFrameworks/FusionTracker.framework/Versions/A/FusionTracker
0x00007ff911737000 	/System/Library/PrivateFrameworks/iTunesCloud.framework/Versions/A/iTunesCloud
0x00007ff91a866000 	/System/Library/PrivateFrameworks/DAAPKit.framework/Versions/A/DAAPKit
0x00007ff90c9cb000 	/System/Library/PrivateFrameworks/DeviceManagement.framework/Versions/A/DeviceManagement
0x00007ffa10c91000 	/System/Library/PrivateFrameworks/ScreenTimeUI.framework/Versions/A/ScreenTimeUI
0x00007ff90eda0000 	/System/Library/PrivateFrameworks/QuickLookNonBaseSystem.framework/Versions/A/QuickLookNonBaseSystem
0x00007ff90f5be000 	/System/Library/PrivateFrameworks/Catalyst.framework/Versions/A/Catalyst
0x00007ff91112f000 	/System/Library/PrivateFrameworks/ScreenTimeCore.framework/Versions/A/ScreenTimeCore
0x00007ffa0499f000 	/System/Library/PrivateFrameworks/ScreenTimeServiceUI.framework/Versions/A/ScreenTimeServiceUI
0x00007ff91d867000 	/System/Library/PrivateFrameworks/ConfigurationEngineModel.framework/Versions/A/ConfigurationEngineModel
0x00007ff9208c4000 	/System/Library/PrivateFrameworks/UsageTracking.framework/Versions/A/UsageTracking
0x00007ffb11ef8000 	/System/Library/Frameworks/DeviceActivity.framework/Versions/A/DeviceActivity
0x00007ff920896000 	/System/Library/PrivateFrameworks/KnowledgeMonitor.framework/Versions/A/KnowledgeMonitor
0x00007ffa182a7000 	/System/Library/PrivateFrameworks/BluetoothManager.framework/Versions/A/BluetoothManager
0x00007ffb1328e000 	/System/Library/Frameworks/ManagedSettings.framework/Versions/A/ManagedSettings
0x00007ffc1f8a5000 	/System/Library/PrivateFrameworks/ManagedSettingsSupport.framework/Versions/A/ManagedSettingsSupport
0x00007ffa15693000 	/System/Library/Frameworks/ReplayKit.framework/Versions/A/ReplayKit
0x00007ff90444a000 	/System/Library/PrivateFrameworks/MarkupUI.framework/Versions/A/MarkupUI
0x00007ff90ed7a000 	/System/Library/PrivateFrameworks/SidecarCore.framework/Versions/A/SidecarCore
0x00007ff911b4a000 	/System/Library/PrivateFrameworks/AnnotationKit.framework/Versions/A/AnnotationKit
0x00007ff910114000 	/System/Library/Frameworks/PencilKit.framework/Versions/A/PencilKit
0x00007ff9102ec000 	/System/Library/PrivateFrameworks/SidecarUI.framework/Versions/A/SidecarUI
0x00007ff90f98c000 	/System/Library/PrivateFrameworks/CoreHandwriting.framework/Versions/A/CoreHandwriting
0x00007ff805bdc000 	/usr/lib/libmecabra.dylib
0x00007ff908445000 	/System/Library/PrivateFrameworks/Calculate.framework/Versions/A/Calculate
0x00007ff815fb1000 	/usr/lib/libChineseTokenizer.dylib
0x00007ffb05a87000 	/System/Library/PrivateFrameworks/ScreenReaderCore.framework/Versions/A/ScreenReaderCore
0x00007ffd14a71000 	/System/Library/PrivateFrameworks/StocksKit.framework/Versions/A/StocksKit
0x00007ff9074c4000 	/System/Library/PrivateFrameworks/OAuth.framework/Versions/A/OAuth
0x00007ffd147c0000 	/System/Library/PrivateFrameworks/StocksCore.framework/Versions/A/StocksCore
0x00007ffd15c4f000 	/System/Library/PrivateFrameworks/TeaFoundation.framework/Versions/A/TeaFoundation
0x00007ffd15dce000 	/System/Library/PrivateFrameworks/TeaSettings.framework/Versions/A/TeaSettings
0x00007ffa1c39f000 	/System/Library/PrivateFrameworks/NewsCore.framework/Versions/A/NewsCore
0x00007ffd15bf9000 	/System/Library/PrivateFrameworks/TeaDB.framework/Versions/A/TeaDB
0x00007ffa1944d000 	/System/Library/PrivateFrameworks/RemoteConfiguration.framework/Versions/A/RemoteConfiguration
0x00007ffa1bf45000 	/System/Library/PrivateFrameworks/NewsTransport.framework/Versions/A/NewsTransport
0x00007ffa1c391000 	/System/Library/PrivateFrameworks/NewsFoundation.framework/Versions/A/NewsFoundation
0x00007ffd03f21000 	/System/Library/PrivateFrameworks/NewsURLBucket.framework/Versions/A/NewsURLBucket
0x00007ff9137da000 	/System/Library/PrivateFrameworks/MobileInstallation.framework/Versions/A/MobileInstallation
0x00007ffb1b9ff000 	/System/Library/Frameworks/Translation.framework/Versions/A/Translation
0x00007ffa0c68a000 	/System/Library/PrivateFrameworks/RevealCore.framework/Versions/A/RevealCore
0x00007ffa0c67f000 	/System/Library/PrivateFrameworks/Reveal.framework/Versions/A/Reveal
0x00007ffa046a1000 	/System/Library/Frameworks/Speech.framework/Versions/A/Speech
0x00007ffb1cad0000 	/System/Library/PrivateFrameworks/AIMLExperimentationAnalytics.framework/Versions/A/AIMLExperimentationAnalytics
0x00007ffb1ebc9000 	/System/Library/PrivateFrameworks/AlgorithmsInternal.framework/Versions/A/AlgorithmsInternal
0x00007ffd191e5000 	/System/Library/PrivateFrameworks/TranslationUIServices.framework/Versions/A/TranslationUIServices
0x00007ffd18309000 	/System/Library/PrivateFrameworks/TipKitCore.framework/Versions/A/TipKitCore
0x00007ff9187b6000 	/System/Library/PrivateFrameworks/CoreCDPInternal.framework/Versions/A/CoreCDPInternal
0x00007ffc18eca000 	/System/Library/PrivateFrameworks/InputAnalytics.framework/Versions/A/InputAnalytics
0x00007ff91e841000 	/System/Library/Frameworks/InstantMessage.framework/Versions/A/InstantMessage
0x00007ff9167a7000 	/System/Library/PrivateFrameworks/IDSKVStore.framework/Versions/A/IDSKVStore
0x00007ff91647b000 	/System/Library/PrivateFrameworks/IMDPersistence.framework/Versions/A/IMDPersistence
0x00007ffd1acb2000 	/System/Library/PrivateFrameworks/UserSafety.framework/Versions/A/UserSafety
0x00007ffa17573000 	/System/Library/PrivateFrameworks/BlastDoor.framework/Versions/A/BlastDoor
0x00007ffc1cc9c000 	/System/Library/PrivateFrameworks/LinkPresentationStyleSheetParsing.framework/Versions/A/LinkPresentationStyleSheetParsing
0x00007ffd08deb000 	/System/Library/PrivateFrameworks/PosterFoundation.framework/Versions/A/PosterFoundation
0x00007ffd08e77000 	/System/Library/PrivateFrameworks/PosterModel.framework/Versions/A/PosterModel
0x00007ffd08e55000 	/System/Library/PrivateFrameworks/PosterFuturesKit.framework/Versions/A/PosterFuturesKit
0x00007ffc0c640000 	/System/Library/PrivateFrameworks/FeedbackService.framework/Versions/A/FeedbackService
0x00007ff90f443000 	/System/Library/PrivateFrameworks/CoreSDB.framework/Versions/A/CoreSDB
0x00007ffb213e5000 	/System/Library/PrivateFrameworks/AskToCore.framework/Versions/A/AskToCore
0x00007ffa11436000 	/System/Library/PrivateFrameworks/MachineSettings.framework/Versions/A/MachineSettings
0x00007ffa03068000 	/System/Library/PrivateFrameworks/BezelServices.framework/Versions/A/BezelServices
0x00007ff91a8f6000 	/System/Library/PrivateFrameworks/SPOwner.framework/Versions/A/SPOwner
0x00007ff913484000 	/System/Library/PrivateFrameworks/FMCore.framework/Versions/A/FMCore
0x00007ffd21388000 	/System/Library/PrivateFrameworks/iCloudQuota.framework/Versions/A/iCloudQuota
0x00007ff907e33000 	/System/Library/PrivateFrameworks/CoreRecognition.framework/Versions/A/CoreRecognition
0x00007ffa0311a000 	/System/Library/PrivateFrameworks/InAppMessages.framework/Versions/A/InAppMessages
0x00007ffb04755000 	/System/Library/PrivateFrameworks/JetUI.framework/Versions/A/JetUI
0x00007ffc1c12d000 	/System/Library/PrivateFrameworks/JetPack.framework/Versions/A/JetPack
0x00007ffa03112000 	/System/Library/PrivateFrameworks/InAppMessagesCore.framework/Versions/A/InAppMessagesCore
0x00007ffd207f6000 	/System/Library/PrivateFrameworks/_JetEngine_SwiftUI.framework/Versions/A/_JetEngine_SwiftUI
0x00007ffd15762000 	/System/Library/PrivateFrameworks/Synapse.framework/Versions/A/Synapse
0x00007ffc03746000 	/System/Library/PrivateFrameworks/CSExattrCrypto.framework/Versions/A/CSExattrCrypto
0x00007ff914a81000 	/System/Library/PrivateFrameworks/StoreFoundation.framework/Versions/A/StoreFoundation
0x00007ff91347e000 	/System/Library/PrivateFrameworks/ServerInformation.framework/Versions/A/ServerInformation
0x00007ff912ea8000 	/System/Library/PrivateFrameworks/Install.framework/Frameworks/DistributionKit.framework/Versions/A/DistributionKit
0x00007ff90c415000 	/System/Library/PrivateFrameworks/PackageKit.framework/Versions/A/PackageKit
0x00007ff912ec9000 	/System/Library/PrivateFrameworks/OSPersonalization.framework/Versions/A/OSPersonalization
0x00007ff914ff0000 	/System/Library/PrivateFrameworks/BridgeOSSoftwareUpdate.framework/Versions/A/BridgeOSSoftwareUpdate
0x00007ff90f8ac000 	/System/Library/PrivateFrameworks/StorageManagement.framework/Versions/A/StorageManagement
0x00007ffa0452c000 	/usr/lib/libauthinstall.dylib
0x00007ff914ff8000 	/System/Library/PrivateFrameworks/InstallerDiagnostics.framework/Versions/A/InstallerDiagnostics
0x00007ffa04b6e000 	/usr/lib/libcrypto.42.dylib
0x00007ffe084ba000 	/usr/lib/updaters/libAppleTconUARPUpdater.dylib
0x00007ff914fe0000 	/System/Library/PrivateFrameworks/GPUInfo.framework/Versions/A/GPUInfo
0x00007ffa03208000 	/System/Library/PrivateFrameworks/MobileActivationMacOS.framework/Versions/A/MobileActivationMacOS
0x00007ff907402000 	/System/Library/PrivateFrameworks/AccountsDaemon.framework/Versions/A/AccountsDaemon
0x00007ff81924e000 	/System/Library/PrivateFrameworks/CacheDelete.framework/Versions/A/CacheDelete
0x00007ff822046000 	/System/Library/Frameworks/QuickLookThumbnailing.framework/Versions/A/QuickLookThumbnailing
0x00007ff915040000 	/System/Library/PrivateFrameworks/AOSKit.framework/Versions/A/AOSKit
0x00007ff8161df000 	/System/Library/PrivateFrameworks/AppSSOCore.framework/Versions/A/AppSSOCore
0x00007ff90e785000 	/System/Library/Frameworks/AVFoundation.framework/Versions/A/AVFoundation
0x00007ffb21c57000 	/System/Library/PrivateFrameworks/BackgroundSystemTasks.framework/Versions/A/BackgroundSystemTasks
0x00007ff821f62000 	/System/Library/PrivateFrameworks/DuetActivityScheduler.framework/Versions/A/DuetActivityScheduler
0x00007ff9219b9000 	/System/Library/PrivateFrameworks/NetworkServiceProxy.framework/Versions/A/NetworkServiceProxy
0x00007ff81d119000 	/usr/lib/libnetworkextension.dylib
0x00007ff81fa63000 	/System/Library/PrivateFrameworks/Rapport.framework/Versions/A/Rapport
0x00007ffd15483000 	/System/Library/PrivateFrameworks/Symptoms.framework/Versions/A/Frameworks/SymptomAnalytics.framework/Versions/A/SymptomAnalytics
0x00007ff819d26000 	/System/Library/Frameworks/NetworkExtension.framework/Versions/A/NetworkExtension
0x00007ff8207c4000 	/System/Library/PrivateFrameworks/CoreDuetContext.framework/Versions/A/CoreDuetContext
0x00007ff80a73f000 	/System/Library/PrivateFrameworks/CoreDuet.framework/Versions/A/CoreDuet
0x00007ff902ddb000 	/System/Library/PrivateFrameworks/AssistantServices.framework/Versions/A/AssistantServices
0x00007ff81f85b000 	/System/Library/PrivateFrameworks/SAObjects.framework/Versions/A/SAObjects
0x00007ff9029b7000 	/System/Library/PrivateFrameworks/MediaRemote.framework/Versions/A/MediaRemote
0x00007ff91542d000 	/System/Library/PrivateFrameworks/SiriInstrumentation.framework/Versions/A/SiriInstrumentation
0x00007ffd0d1c5000 	/System/Library/PrivateFrameworks/SiriAnalytics.framework/Versions/A/SiriAnalytics
0x00007ffd12681000 	/System/Library/PrivateFrameworks/SiriTTSService.framework/Versions/A/SiriTTSService
0x00007ffd0d9d9000 	/System/Library/PrivateFrameworks/SiriCrossDeviceArbitration.framework/Versions/A/SiriCrossDeviceArbitration
0x00007ff912c6d000 	/System/Library/PrivateFrameworks/FeedbackLogger.framework/Versions/A/FeedbackLogger
0x00007ffc0c22a000 	/System/Library/PrivateFrameworks/FaceTimeNameUtility.framework/Versions/A/FaceTimeNameUtility
0x00007ffd0da28000 	/System/Library/PrivateFrameworks/SiriCrossDeviceArbitrationFeedback.framework/Versions/A/SiriCrossDeviceArbitrationFeedback
0x00007ffc1572f000 	/System/Library/PrivateFrameworks/GenerativeModels.framework/Versions/A/GenerativeModels
0x00007ffb1090d000 	/System/Library/Frameworks/AVRouting.framework/Versions/A/AVRouting
0x00007ff907c51000 	/System/Library/PrivateFrameworks/MediaServices.framework/Versions/A/MediaServices
0x00007ff81795f000 	/System/Library/Frameworks/MediaToolbox.framework/Versions/A/MediaToolbox
0x00007ff81e84b000 	/System/Library/PrivateFrameworks/CoreAVCHD.framework/Versions/A/CoreAVCHD
0x00007ff81e847000 	/System/Library/PrivateFrameworks/Mangrove.framework/Versions/A/Mangrove
0x00007ffc03577000 	/System/Library/PrivateFrameworks/CMPhoto.framework/Versions/A/CMPhoto
0x00007ff81effa000 	/System/Library/Frameworks/CoreTelephony.framework/Versions/A/CoreTelephony
0x00007ff81f7ed000 	/System/Library/PrivateFrameworks/AppleVPA.framework/Versions/A/AppleVPA
0x00007ff81e48c000 	/System/Library/PrivateFrameworks/CoreAUC.framework/Versions/A/CoreAUC
0x00007ffb205a2000 	/System/Library/PrivateFrameworks/AppleJPEGXL.framework/Versions/A/AppleJPEGXL
0x00007ff8192f0000 	/usr/lib/libTelephonyUtilDynamic.dylib
0x00007ff81f67a000 	/System/Library/Frameworks/LocalAuthentication.framework/Versions/A/LocalAuthentication
0x00007ffc1ceb8000 	/System/Library/PrivateFrameworks/LocalAuthenticationCore.framework/Versions/A/LocalAuthenticationCore
0x00007ffc1d015000 	/System/Library/PrivateFrameworks/LocalAuthenticationCredentialServices.framework/Versions/A/LocalAuthenticationCredentialServices
0x00007ff81f6dd000 	/System/Library/Frameworks/LocalAuthentication.framework/Support/SharedUtils.framework/Versions/A/SharedUtils
0x00007ff816630000 	/System/Library/PrivateFrameworks/PersistentConnection.framework/Versions/A/PersistentConnection
0x00007ffd13c28000 	/System/Library/PrivateFrameworks/SonicFoundation.framework/Versions/A/SonicFoundation
0x00007ffc0ac88000 	/System/Library/PrivateFrameworks/Dendrite.framework/Versions/A/Dendrite
0x00007ff917456000 	/usr/lib/libtailspin.dylib
0x00007ffa0ae71000 	/System/Library/PrivateFrameworks/Osprey.framework/Versions/A/Osprey
0x00007ffd11c89000 	/System/Library/PrivateFrameworks/SiriTTS.framework/Versions/A/SiriTTS
0x00007ff90f504000 	/System/Library/Frameworks/NaturalLanguage.framework/Versions/A/NaturalLanguage
0x00007ffd10c3f000 	/System/Library/PrivateFrameworks/SiriPowerInstrumentation.framework/Versions/A/SiriPowerInstrumentation
0x00007ff91046d000 	/System/Library/PrivateFrameworks/Trial.framework/Versions/A/Trial
0x00007ff9103ef000 	/System/Library/PrivateFrameworks/TrialProto.framework/Versions/A/TrialProto
0x00007ffd1a432000 	/System/Library/PrivateFrameworks/UnifiedAssetFramework.framework/Versions/A/UnifiedAssetFramework
0x00007ffa0ce87000 	/usr/lib/swift/libswiftAVFoundation.dylib
0x00007ffa1cd23000 	/usr/lib/swift/libswiftNaturalLanguage.dylib
0x00007ffd15bf7000 	/System/Library/PrivateFrameworks/TailspinSymbolication.framework/Versions/A/TailspinSymbolication
0x00007ffc0a995000 	/System/Library/PrivateFrameworks/Darwinup.framework/Versions/A/Darwinup
0x00007ffa0388d000 	/System/Library/PrivateFrameworks/SignpostSupport.framework/Versions/A/SignpostSupport
0x00007ff90f3ce000 	/System/Library/PrivateFrameworks/FeatureFlagsSupport.framework/Versions/A/FeatureFlagsSupport
0x00007ffa02f81000 	/System/Library/PrivateFrameworks/ktrace.framework/Versions/A/ktrace
0x00007ffa03ae0000 	/System/Library/PrivateFrameworks/SampleAnalysis.framework/Versions/A/SampleAnalysis
0x00007ffa0c645000 	/System/Library/PrivateFrameworks/kperfdata.framework/Versions/A/kperfdata
0x00007ff81acb0000 	/usr/lib/libdscsym.dylib
0x00007ffa0cbca000 	/System/Library/PrivateFrameworks/BulkSymbolication.framework/Versions/A/BulkSymbolication
0x00007ff82208d000 	/System/Library/PrivateFrameworks/Espresso.framework/Versions/A/Espresso
0x00007ff80f849000 	/System/Library/Frameworks/CoreML.framework/Versions/A/CoreML
0x00007ffb05df7000 	/System/Library/PrivateFrameworks/ANECompiler.framework/Versions/A/ANECompiler
0x00007ff8242ea000 	/System/Library/PrivateFrameworks/AppleNeuralEngine.framework/Versions/A/AppleNeuralEngine
0x00007ffb13fc9000 	/System/Library/Frameworks/MetalPerformanceShadersGraph.framework/Versions/A/MetalPerformanceShadersGraph
0x00007ffc1d943000 	/System/Library/PrivateFrameworks/MLCompilerServices.framework/Versions/A/MLCompilerServices
0x00007ff823015000 	/System/Library/PrivateFrameworks/ANEServices.framework/Versions/A/ANEServices
0x00007ffd0500b000 	/System/Library/PrivateFrameworks/ODIE.framework/Versions/A/ODIE
0x00007ffc1d8e8000 	/System/Library/PrivateFrameworks/MLCompilerRuntime.framework/Versions/A/MLCompilerRuntime
0x00007ff813cbc000 	/System/Library/Frameworks/MLCompute.framework/Versions/A/MLCompute
0x00007ffc1d86e000 	/System/Library/PrivateFrameworks/MLAssetIO.framework/Versions/A/MLAssetIO
0x00007ffe07f8e000 	/usr/lib/swift/libswiftMLCompute.dylib
0x00007ff81f1ed000 	/System/Library/PrivateFrameworks/AVFCore.framework/Versions/A/AVFCore
0x00007ff906376000 	/System/Library/PrivateFrameworks/AVFCapture.framework/Versions/A/AVFCapture
0x00007ffc03421000 	/System/Library/PrivateFrameworks/CMImaging.framework/Versions/A/CMImaging
0x00007ff9065c5000 	/System/Library/PrivateFrameworks/Quagga.framework/Versions/A/Quagga
0x00007ff9066f4000 	/System/Library/PrivateFrameworks/CMCapture.framework/Versions/A/CMCapture
0x00007ff818e7e000 	/System/Library/Frameworks/CoreMediaIO.framework/Versions/A/CoreMediaIO
0x00007ffc0335a000 	/System/Library/PrivateFrameworks/CMCaptureDevice.framework/Versions/A/CMCaptureDevice
0x00007ff816795000 	/System/Library/PrivateFrameworks/CoreBrightness.framework/Versions/A/CoreBrightness
0x00007ffc04214000 	/System/Library/PrivateFrameworks/CinematicFraming.framework/Versions/A/CinematicFraming
0x00007ffc21888000 	/System/Library/PrivateFrameworks/ModelManagerServices.framework/Versions/A/ModelManagerServices
0x00007ffd15910000 	/System/Library/PrivateFrameworks/SystemStatus.framework/Versions/A/SystemStatus
0x00007ff90e3a4000 	/System/Library/Frameworks/CoreMotion.framework/Versions/A/CoreMotion
0x00007ff91e919000 	/System/Library/PrivateFrameworks/TimeSync.framework/Versions/A/TimeSync
0x00007ffc0b4d1000 	/System/Library/PrivateFrameworks/DistributedSensing.framework/Versions/A/DistributedSensing
0x00007ff919b3f000 	/System/Library/PrivateFrameworks/MobileBluetooth.framework/Versions/A/MobileBluetooth
0x00007ff92050e000 	/System/Library/PrivateFrameworks/IOKitten.framework/Versions/A/IOKitten
0x00007ffb204c5000 	/System/Library/PrivateFrameworks/AppleIntelligenceReporting.framework/Versions/A/AppleIntelligenceReporting
0x00007ff806e87000 	/System/Library/PrivateFrameworks/LanguageModeling.framework/Versions/A/LanguageModeling
0x00007ff80c045000 	/System/Library/PrivateFrameworks/Montreal.framework/Versions/A/Montreal
0x00007ff81478a000 	/usr/lib/libcmph.dylib
0x00007ffc157e7000 	/System/Library/PrivateFrameworks/GenerativeModelsFoundation.framework/Versions/A/GenerativeModelsFoundation
0x00007ffd18615000 	/System/Library/PrivateFrameworks/TokenGeneration.framework/Versions/A/TokenGeneration
0x00007ffc15623000 	/System/Library/PrivateFrameworks/GenerativeFunctions.framework/Versions/A/GenerativeFunctions
0x00007ffc15663000 	/System/Library/PrivateFrameworks/GenerativeFunctionsFoundation.framework/Versions/A/GenerativeFunctionsFoundation
0x00007ffc21496000 	/System/Library/PrivateFrameworks/ModelCatalog.framework/Versions/A/ModelCatalog
0x00007ffd0c773000 	/System/Library/PrivateFrameworks/SensitiveContentAnalysisML.framework/Versions/A/SensitiveContentAnalysisML
0x00007ffc156dd000 	/System/Library/PrivateFrameworks/GenerativeFunctionsInstrumentation.framework/Versions/A/GenerativeFunctionsInstrumentation
0x00007ffd09d86000 	/System/Library/PrivateFrameworks/PromptKit.framework/Versions/A/PromptKit
0x00007ffd098d5000 	/System/Library/PrivateFrameworks/ProactiveDaemonSupport.framework/Versions/A/ProactiveDaemonSupport
0x00007ffd187fb000 	/System/Library/PrivateFrameworks/TokenGenerationCore.framework/Versions/A/TokenGenerationCore
0x00007ffb201ad000 	/System/Library/PrivateFrameworks/AppleFlatBuffers.framework/Versions/A/AppleFlatBuffers
0x00007ffd0c95f000 	/System/Library/PrivateFrameworks/SentencePieceInternal.framework/Versions/A/SentencePieceInternal
0x00007ff81d4f5000 	/System/Library/Frameworks/Vision.framework/Versions/A/Vision
0x00007ffc0a3c2000 	/System/Library/PrivateFrameworks/CoreSceneUnderstanding.framework/Versions/A/CoreSceneUnderstanding
0x00007ffd1ccc3000 	/System/Library/PrivateFrameworks/VisionCore.framework/Versions/A/VisionCore
0x00007ff918895000 	/System/Library/Frameworks/Vision.framework/libfaceCore.dylib
0x00007ff9195b9000 	/System/Library/PrivateFrameworks/Futhark.framework/Versions/A/Futhark
0x00007ff91d778000 	/System/Library/PrivateFrameworks/InertiaCam.framework/Versions/A/InertiaCam
0x00007ff91931e000 	/System/Library/PrivateFrameworks/TextRecognition.framework/Versions/A/TextRecognition
0x00007ff8161ff000 	/System/Library/PrivateFrameworks/CVNLP.framework/Versions/A/CVNLP
0x00007ff80f300000 	/System/Library/PrivateFrameworks/ApplePushService.framework/Versions/A/ApplePushService
0x00007ff80f367000 	/System/Library/Frameworks/CloudKit.framework/Versions/A/CloudKit
0x00007ff8231c9000 	/System/Library/PrivateFrameworks/CoreDuetDaemonProtocol.framework/Versions/A/CoreDuetDaemonProtocol
0x00007ffa06116000 	/System/Library/PrivateFrameworks/DeviceIdentity.framework/Versions/A/DeviceIdentity
0x00007ffb1a200000 	/System/Library/Frameworks/SharedWithYouCore.framework/Versions/A/SharedWithYouCore
0x00007ffc0499d000 	/System/Library/PrivateFrameworks/CloudTelemetry.framework/Versions/A/CloudTelemetry
0x00007ff821aff000 	/System/Library/PrivateFrameworks/AppleAccount.framework/Versions/A/AppleAccount
0x00007ff821fed000 	/System/Library/PrivateFrameworks/C2.framework/Versions/A/C2
0x00007ffc04651000 	/System/Library/PrivateFrameworks/CloudCoreInternal.framework/Versions/A/CloudCoreInternal
0x00007ffc04456000 	/System/Library/PrivateFrameworks/CloudAsset.framework/Versions/A/CloudAsset
0x00007ff821fe5000 	/System/Library/Frameworks/PushKit.framework/Versions/A/PushKit
0x00007ffc049b9000 	/System/Library/PrivateFrameworks/CloudTelemetryTools.framework/Versions/A/CloudTelemetryTools
0x00007ff82405e000 	/System/Library/PrivateFrameworks/RTCReporting.framework/Versions/A/RTCReporting
0x00007ffb1c9d2000 	/System/Library/PrivateFrameworks/AAAFoundationSwift.framework/Versions/A/AAAFoundationSwift
0x00007ff821cea000 	/System/Library/PrivateFrameworks/AppleIDSSOAuthentication.framework/Versions/A/AppleIDSSOAuthentication
0x00007ff91491c000 	/System/Library/PrivateFrameworks/CaptiveNetwork.framework/Versions/A/CaptiveNetwork
0x00007ff821596000 	/System/Library/PrivateFrameworks/EAP8021X.framework/Versions/A/EAP8021X
0x00007ffc0a797000 	/System/Library/PrivateFrameworks/CryptoKitPrivate.framework/Versions/A/CryptoKitPrivate
0x00007ff90e9cd000 	/System/Library/PrivateFrameworks/FindMyDevice.framework/Versions/A/FindMyDevice
0x00007ff90352d000 	/System/Library/PrivateFrameworks/FMCoreLite.framework/Versions/A/FMCoreLite
0x00007ff813892000 	/System/Library/Frameworks/ServiceManagement.framework/Versions/A/ServiceManagement
0x0000000173712000 	/Users/gogym/.openjfx/cache/21.0.2+5/x86_64/libjavafx_font.dylib
0x00007ffa03aaa000 	/System/Library/PrivateFrameworks/UIKitServices.framework/Versions/A/UIKitServices
0x00007ffb0ba97000 	/System/Library/Extensions/AppleIntelICLGraphicsMTLDriver.bundle/Contents/MacOS/AppleIntelICLGraphicsMTLDriver
0x00007ff9196b8000 	/System/Library/CoreServices/RawCamera.bundle/Contents/MacOS/RawCamera
0x00007ffd1422e000 	/System/Library/PrivateFrameworks/SpotlightKnowledge.framework/Versions/A/SpotlightKnowledge
0x00007ffd14215000 	/System/Library/PrivateFrameworks/SpotlightEmbedding.framework/Versions/A/SpotlightEmbedding
0x00007ff80a6e0000 	/System/Library/PrivateFrameworks/SpotlightLinguistics.framework/Versions/A/SpotlightLinguistics
0x00007ffd143ee000 	/System/Library/PrivateFrameworks/SpotlightResources.framework/Versions/A/SpotlightResources
0x00007ff9148e1000 	/System/Library/PrivateFrameworks/DataDeliveryServices.framework/Versions/A/DataDeliveryServices
0x00007ffd1632d000 	/System/Library/PrivateFrameworks/TextInputUI.framework/Versions/A/TextInputUI
0x00007ffd1635e000 	/System/Library/PrivateFrameworks/TextInputUIMacHelper.framework/Versions/A/TextInputUIMacHelper
0x00007ff9196aa000 	/System/Library/PrivateFrameworks/SafariPlatformSupport.framework/Versions/A/SafariPlatformSupport
0x0000000194e7e000 	/Users/gogym/Library/Caches/JNA/temp/jna2127091626046570394.tmp


VM Arguments:
jvm_args: -Dfile.encoding=UTF-8 --module-path=/Users/config/apache-maven-3.6.3/m2/org/openjfx/javafx-base/21.0.2/javafx-base-21.0.2-mac.jar:/Users/config/apache-maven-3.6.3/m2/org/openjfx/javafx-base/21.0.2/javafx-base-21.0.2.jar:/Users/config/apache-maven-3.6.3/m2/org/openjfx/javafx-controls/21.0.2/javafx-controls-21.0.2-mac.jar:/Users/config/apache-maven-3.6.3/m2/org/openjfx/javafx-controls/21.0.2/javafx-controls-21.0.2.jar:/Users/config/apache-maven-3.6.3/m2/org/openjfx/javafx-fxml/21.0.2/javafx-fxml-21.0.2-mac.jar:/Users/config/apache-maven-3.6.3/m2/org/openjfx/javafx-fxml/21.0.2/javafx-fxml-21.0.2.jar:/Users/config/apache-maven-3.6.3/m2/org/openjfx/javafx-graphics/21.0.2/javafx-graphics-21.0.2-mac.jar:/Users/config/apache-maven-3.6.3/m2/org/openjfx/javafx-graphics/21.0.2/javafx-graphics-21.0.2.jar --add-modules=javafx.base,javafx.controls,javafx.fxml,javafx.graphics 
java_command: io.getbit.app.WxAutoApp
java_class_path (initial): /Users/gogym/Documents/GitHub/wxauto4j/wxauto4j-gui-mac/target/classes:/Users/config/apache-maven-3.6.3/m2/com/gettyio/gim/wxauto4j-lib/1.0-SNAPSHOT/wxauto4j-lib-1.0-SNAPSHOT.jar:/Users/config/apache-maven-3.6.3/m2/com/google/code/gson/gson/2.11.0/gson-2.11.0.jar:/Users/config/apache-maven-3.6.3/m2/com/google/errorprone/error_prone_annotations/2.27.0/error_prone_annotations-2.27.0.jar:/Users/config/apache-maven-3.6.3/m2/com/squareup/okhttp3/okhttp/4.12.0/okhttp-4.12.0.jar:/Users/config/apache-maven-3.6.3/m2/com/squareup/okio/okio/3.6.0/okio-3.6.0.jar:/Users/config/apache-maven-3.6.3/m2/com/squareup/okio/okio-jvm/3.6.0/okio-jvm-3.6.0.jar:/Users/config/apache-maven-3.6.3/m2/io/getbit/uiautomation4j-core/1.0-SNAPSHOT/uiautomation4j-core-1.0-SNAPSHOT.jar:/Users/config/apache-maven-3.6.3/m2/io/getbit/uiautomation4j-mac/1.0-SNAPSHOT/uiautomation4j-mac-1.0-SNAPSHOT.jar:/Users/config/apache-maven-3.6.3/m2/net/java/dev/jna/jna/5.13.0/jna-5.13.0.jar:/Users/config/apache-maven-3.6.3/m2/net/java/dev/jna/jna-platform/5.13.0/jna-platform-5.13.0.jar:/Users/config/apache-maven-3.6.3/m2/org/jetbrains/annotations/13.0/annotations-13.0.jar:/Users/config/apache-maven-3.6.3/m2/org/jetbrains/kotlin/kotlin-stdlib/1.8.21/kotlin-stdlib-1.8.21.jar:/Users/config/apache-maven-3.6.3/m2/org/jetbrains/kotlin/kotlin-stdlib-common/1.9.10/kotlin-stdlib-common-1.9.10.jar:/Users/config/apache-maven-3.6.3/m2/org/jetbrains/kotlin/kotlin-stdlib-jdk7/1.8.21/kotlin-stdlib-jdk7-1.8.21.jar:/Users/config/apache-maven-3.6.3/m2/org/jetbrains/kotlin/kotlin-stdlib-jdk8/1.8.21/kotlin-stdlib-jdk8-1.8.21.jar
Launcher Type: SUN_STANDARD

[Global flags]
     intx CICompilerCount                          = 4                                         {product} {ergonomic}
     uint ConcGCThreads                            = 2                                         {product} {ergonomic}
     uint G1ConcRefinementThreads                  = 8                                         {product} {ergonomic}
   size_t G1HeapRegionSize                         = 2097152                                   {product} {ergonomic}
    uintx GCDrainStackTargetSize                   = 64                                        {product} {ergonomic}
   size_t InitialHeapSize                          = 268435456                                 {product} {ergonomic}
   size_t MarkStackSize                            = 4194304                                   {product} {ergonomic}
   size_t MaxHeapSize                              = 4294967296                                {product} {ergonomic}
   size_t MaxNewSize                               = 2575302656                                {product} {ergonomic}
   size_t MinHeapDeltaBytes                        = 2097152                                   {product} {ergonomic}
   size_t MinHeapSize                              = 8388608                                   {product} {ergonomic}
    uintx NonNMethodCodeHeapSize                   = 5839372                                {pd product} {ergonomic}
    uintx NonProfiledCodeHeapSize                  = 122909434                              {pd product} {ergonomic}
    uintx ProfiledCodeHeapSize                     = 122909434                              {pd product} {ergonomic}
    uintx ReservedCodeCacheSize                    = 251658240                              {pd product} {ergonomic}
     bool SegmentedCodeCache                       = true                                      {product} {ergonomic}
   size_t SoftMaxHeapSize                          = 4294967296                             {manageable} {ergonomic}
     bool UseCompressedClassPointers               = true                           {product lp64_product} {ergonomic}
     bool UseCompressedOops                        = true                           {product lp64_product} {ergonomic}
     bool UseG1GC                                  = true                                      {product} {ergonomic}
     bool UseNUMA                                  = false                                     {product} {ergonomic}
     bool UseNUMAInterleaving                      = false                                     {product} {ergonomic}

Logging:
Log output configuration:
 #0: stdout all=warning uptime,level,tags
 #1: stderr all=off uptime,level,tags

Environment Variables:
JAVA_HOME=/Users/config/jdk-17.0.19.jdk
JAVA_TOOL_OPTIONS=-Dfile.encoding=UTF-8
PATH=/Users/config/node-v22.22.0-darwin-x64/bin:/Users/config/gclient/depot_tools:/Users/config/flutter/bin:/Users/config/apache-maven-3.6.3/bin:/Users/config/jdk-17.0.14.jdk/Contents/Home/bin:/usr/local/bin:/usr/local/sbin:/System/Cryptexes/App/usr/bin:/usr/bin:/bin:/usr/sbin:/sbin:/var/run/com.apple.security.cryptexd/codex.system/bootstrap/usr/local/bin:/var/run/com.apple.security.cryptexd/codex.system/bootstrap/usr/bin:/var/run/com.apple.security.cryptexd/codex.system/bootstrap/usr/appleinternal/bin:/opt/pmk/env/global/bin:/Library/Apple/usr/bin:/usr/local/MacGPG2/bin:/Applications/VMware Fusion.app/Contents/Public:/Users/config/protoc-32.0-osx-x86_64/bin:/Users/gogym/.pub-cache/bin
SHELL=/bin/zsh
LANG=C.UTF-8
TMPDIR=/var/folders/tv/kgtzzvt93yg_h634l2kvdks40000gn/T/

Active Locale:
LC_ALL=C.UTF-8
LC_COLLATE=C.UTF-8
LC_CTYPE=C.UTF-8
LC_MESSAGES=C.UTF-8
LC_MONETARY=C.UTF-8
LC_NUMERIC=C.UTF-8
LC_TIME=C.UTF-8

Signal Handlers:
   SIGSEGV: crash_handler in libjvm.dylib, mask=11100110000111110111111111111111, flags=SA_RESTART|SA_SIGINFO, unblocked
    SIGBUS: crash_handler in libjvm.dylib, mask=11100110000111110111111111111111, flags=SA_RESTART|SA_SIGINFO, unblocked
    SIGFPE: crash_handler in libjvm.dylib, mask=11100110000111110111111111111111, flags=SA_RESTART|SA_SIGINFO, unblocked
   SIGPIPE: javaSignalHandler in libjvm.dylib, mask=11100110000111110111111111111111, flags=SA_RESTART|SA_SIGINFO, blocked
   SIGXFSZ: javaSignalHandler in libjvm.dylib, mask=11100110000111110111111111111111, flags=SA_RESTART|SA_SIGINFO, blocked
    SIGILL: crash_handler in libjvm.dylib, mask=11100110000111110111111111111111, flags=SA_RESTART|SA_SIGINFO, unblocked
   SIGUSR2: SR_handler in libjvm.dylib, mask=00100000000000000000000000000000, flags=SA_RESTART|SA_SIGINFO, blocked
    SIGHUP: UserHandler in libjvm.dylib, mask=11100110000111110111111111111111, flags=SA_RESTART|SA_SIGINFO, blocked
    SIGINT: UserHandler in libjvm.dylib, mask=11100110000111110111111111111111, flags=SA_RESTART|SA_SIGINFO, blocked
   SIGTERM: UserHandler in libjvm.dylib, mask=11100110000111110111111111111111, flags=SA_RESTART|SA_SIGINFO, blocked
   SIGQUIT: UserHandler in libjvm.dylib, mask=11100110000111110111111111111111, flags=SA_RESTART|SA_SIGINFO, blocked
   SIGTRAP: crash_handler in libjvm.dylib, mask=11100110000111110111111111111111, flags=SA_RESTART|SA_SIGINFO, unblocked


Periodic native trim disabled


---------------  S Y S T E M  ---------------

OS:
uname: Darwin 25.3.0 Darwin Kernel Version 25.3.0: Wed Jan 28 20:53:14 PST 2026; root:xnu-12377.81.4~5/RELEASE_X86_64 x86_64
OS uptime: 13 days 0:09 hours
rlimit (soft/hard): STACK 8192k/65532k , CORE 0k/infinity , NPROC 2784/4176 , NOFILE 1048576/infinity , AS infinity/infinity , CPU infinity/infinity , DATA infinity/infinity , FSIZE infinity/infinity , MEMLOCK infinity/infinity , RSS infinity/infinity
load average: 9.36 8.37 5.65

CPU: total 8 (initial active 8) (4 cores per cpu, 2 threads per core) family 6 model 126 stepping 5 microcode 0xcc, cx8, cmov, fxsr, ht, mmx, 3dnowpref, sse, sse2, sse3, ssse3, sse4.1, sse4.2, popcnt, lzcnt, tsc, tscinvbit, avx, avx2, aes, erms, clmul, bmi1, bmi2, adx, sha, fma, vzeroupper, clflush, clflushopt
machdep.cpu.brand_string:Intel(R) Core(TM) i5-1038NG7 CPU @ 2.00GHz
hw.cpufrequency:2000000000
hw.cpufrequency_min:2000000000
hw.cpufrequency_max:2000000000
hw.cachelinesize:64
hw.l1icachesize:32768
hw.l1dcachesize:49152
hw.l2cachesize:524288
hw.l3cachesize:6291456

Memory: 4k page, physical 16777216k(100788k free), swap 3145728k(609024k free)

vm_info: OpenJDK 64-Bit Server VM (17.0.19+11-LTS) for bsd-amd64 JRE (17.0.19+11-LTS), built on Apr 19 2026 21:21:56 by "re" with clang Apple LLVM 15.0.0 (clang-1500.3.9.4)

END.
